S0170000666C61736877617265335F657468312E737265634C
S11300003804FE1F6D2500007124000077250000D0
S1130010772500007725000077250000772500006C
S1130020000000000000000000000000110B0000B0
S11300307725000000000000290B0000850B00005C
S1070040F92000009F
S113004403000000540000000700000078000000D2
S113005400000090000000900001000D6004FE1FE9
S1130064F0B2FE1F00000003F8B2FE1FFCB2FE1F34
S113007400000003000000900000009000000060F5
S113008400010C0D000000900000009000001040DE
S11300940001020D000000900000009040040000E4
S11300A40001010D0000FE1F0000FE1F000000609F
S11300B400010C030000FE1F0000FE1F000010409E
S11300C4000002030000FE1F3800FE1F400400006D
S11300D400000103F0B2FE1FF8B2FE1F7804000012
S10700E40000010310
S1070400FFFFFFFFF8
S1070404FFFDFFFFF6
S11304400011223344550000C004FE1FC00AFE1FE1
S11304500811FE1F1C00FE1F1000FE1FFCC600003A
S11304600400000080000000040000008000000080
S10B0470E8030000102700005E
S10B0478010000000000000077
S1130480022818BF704741F218104CF28871C1F667
S1130490FE70C0F2000100F08CBED4D4ADF5347D02
S11304A00DF5027942AC09F1010041F2685640F2BF
S11304B009084CF6CD4B651E0190A9F1010002AF6D
S11304C0C1F6FE76C0F240084FF0000ACCF6CC4BE1
S11304D0009000BF20464FF4807108F0D9FD3846E3
S11304E04FF4807108F0D4FD306821464FF0FF329C
S11304F002F05CFE0128EDD1204608F0F3FD01284E
S11305004FF001020DDB00BF295C0A39162908D817
S113051002FA01F111EA080F03D005F800A001382E
S1130520F2DC9DF80801D8B3204608F0DBFD48B1A1
S1130530214600BF11F8012B3A3A12F10B0F2FD9C3
S11305400138F7D1204608F0D5FD07460198C721A8
S113055008F09EFD0126022F8DF8086232D24CF27B
S1130560E34202A84FF48071C0F200023B4608F057
S11305701DFE012E20EAE07167DB009AFC2842ACE4
S113058061DC02AF905D022E00F13000785401F17D
S113059001005DD3013EFC290146F3D358E000BFBE
S11305A04AF64421C0F200013846DCC9DCC0DCC98B
S11305B0DCC0098841F26856C1F6FE7602AF42AC4F
S11305C001804FE0022000BF46B30022002100BF9B
S11305D019F8023000FB0313A3FB0B14E10801EB31
S11305E08104A3EB440409F8024001329642EFD19E
S11305F00A2B14D33246C82E98BFC822B24212D056
S1130600A1FB0B34E30803EB8304A1EB440409F8D6
S11306100640013609291946F0D800E000260130C9
S1130620B842D1D99BE74AF62821C0F200010DF166
S1130630080EDDC9F446ACE8DD00087877468CF88E
S1130640000042AC0AE0084601E0084642AC02AFB2
S1130650391840F60D223A5281F802A041F2685648
S1130660C1F6FE7641F6B410C1F6FE700068394654
S11306706422002302F04AFC2CE7B0FA80F040F236
S113068060414009C1F6FE7108707047ADF5047D04
S113069041F21810C1F6FE7040F20A21002200F067
S11306A093FD4CF278674CF268604CF26C614CF24A
S11306B070624CF27463C0F20007C0F20000C0F232
S11306C00001C0F20002C0F20003009704F0BEFE75
S11306D000B900BE40F26044C1F6FE74207818B937
S11306E0642003F00BFAF9E7022001210622022616
S11306F006F011F840F264410446C1F6FE7101307F
S11307000C6005D140F26440C1F6FE7000BE04687E
S113071040F26845C1F6FE752846182108F0B8FC79
S113072040F6277068802046294618226E7006F02D
S1130730DAF800B100BE40F26440C1F6FE70006811
S1130740052106F0FBFD00B100BE40F29C4B41F2D6
S1130750685941F6B4164BF20E64C1F6FE7B4FF0B5
S1130760000844AF04ADC1F6FE79C1F6FE76C0F2CE
S1130770000400BF40F2644040F28042C1F6FE70C3
S1130780C1F6FE7218210068116040F28441C1F67E
S1130790FE7106F0A1FB411CCBF8000000F08A803A
S11307A041F21810C1F6FE7040F20A21012200F055
S11307B00BFD4FF0FF300390DBF800004FF47A712B
S11307C002910021002203ABA2463446042600967F
S11307D006F050FADBF800000021012202AB00967B
S11307E02646544606F046FADBF800004BF27B112D
S11307F0C0F20001352200BF002306F0D7FC3846C2
S11308004FF4807108F044FC28464FF4807108F0DE
S11308103FFCDBF800003946FF22002306F0D6FB3C
S113082001282FDBD9F8001007F800800846394664
S11308306422002302F06AFB01281BD13068294698
S113084041F2883202F0B2FCDBF800A0012807D1A3
S1130850284608F047FC02465046294603E000BFFC
S1130860504621462122002306F0A0FC0028C6DCC5
S113087008E000BFDBF800004BF66331C0F2000172
S11308801B22B9E7DBF80000022106F091FDDBF83A
S1130890000006F072F94FF0FF30CBF8000041F28F
S11308A01810C1F6FE7040F20A21002200F08CFC00
S11308B060E700BF322003F021F95BE710B582B096
S11308C041F2201241F220530024C1F6FE72C1F617
S11308D0FE734FF480700421009402F0A8FA41F2F0
S11308E06851C1F6FE71086018B90020002100F0BB
S11308F05DF841F26C5241F66C13C1F6FE72C1F61A
S1130900FE7304204FF48071009402F090FA41F6D3
S1130910B411C1F6FE71086008B102B010BD002028
S1130920002102B0BDE8104000F040B8FFF7C6BF98
S113093080B584B041F62420C1F6FE70016841F60A
S1130940B81C013101604BF20030C1F6FE70012188
S1130950CDE9001040F69B104BF291214CF2087344
S1130960C1F6FE7CC0F20000C0F20001C0F2000338
S11309704FF48072CDF808C002F054FE41F61821FD
S1130980C1F6FE71086008B104B080BD00200021EA
S113099004B0BDE8804000F009B810B5044600F08A
S11309A007F82046BDE81040FFF778BD00BE704749
S11309B0B0B541F61C24C1F6FE7420684FF0FF3137
S11309C002F0CEFC012803D020680021FFF7EEFFDF
S11309D041F62020C1F6FE70017801B1B0BD0121BD
S11309E00170FFF7A3FF41F62425C1F6FE7500BF91
S11309F0286801382860F1D02068002100220023F3
S1130A0002F084FA0128F3D020680021FFF7CEFF1A
S1130A10EEE780B541F62420C1F6FE7000210160A6
S1130A2041F62020C1F6FE7041F628220170C1F67D
S1130A30FE724FF48070012102F048FA41F61C2145
S1130A40C1F6FE71086018B900200021FFF7AEFF5F
S1130A5000F020F8FFF76CFF03F0CFF8002080BD12
S1130A6041F67023C1F6FE73036041F6D020C1F64F
S1130A70FE70086080201060704741F6D043C1F6D4
S1130A80FE73036041F63050C1F6FE7008608020AA
S1130A901060704780B584B041F62420C1F6FE7022
S1130AA0016841F6307C013101604BF20070C1F6FF
S1130AB0FE700121CDE9001040F6FF204BF23061B9
S1130AC04CF20C73C1F6FE7CC0F20000C0F20001CF
S1130AD0C0F200034FF48072CDF808C002F0A2FD0A
S1130AE041F69071C1F6FE71086008B104B080BD92
S1130AF00020002104B0BDE88040FFF757BF10B5C7
S1130B000446FFF755FF2046BDE81040FFF7BEBD81
S1130B101EF0040F0CBFEFF30880EFF309800149C6
S1130B2008470000AB0B00000D4B1968EFF3098276
S1130B301EF0100F08BF22ED108A22E9F04F0A6060
S1130B404FF0100080F31188BFF34F8FBFF36F8F06
S1130B5003F004F84FF0000080F3118800F002B8AD
S1130B6068A0FE1F064801680A68B2E8F04F1EF04C
S1130B70100F08BFB2EC108A82F309887047000096
S1130B8068A0FE1F10B5EFF31184102080F31188C4
S1130B9003F0B6F830B14EF60450CEF200004FF038
S1130BA08051016084F3118810BD806910F8020C33
S1130BB0022808BFFFF7D6BF042838BF704780B5A6
S1130BC04AF616304BF292724AF6E153C0F2000034
S1130BD0C0F20002C0F200034FF47E7101F000FC89
S1130BE0014640F6054022F00102C0F200004FF039
S1130BF0807C01E905106FF00202A1F1440041E993
S1130C000923704700BE00BFFEE7D4D44EF622503D
S1130C10CEF20000F021017000F016F84EF63470A8
S1130C20CEF20000016841F04041016062B6BFF3BA
S1130C306F8FEFF3148C2CF0040C8CF31488BFF337
S1130C406F8F02DF00BEFDE741F6F870C1F6FE705B
S1130C50006844F6D351C1F26201A0FB01014FF0D8
S1130C60FF3000EB91110020B0EB116F18BF7047FB
S1130C704EF21002CEF2000251604EF62351CEF233
S1130C800001F0230B709060072010607047102162
S1130C90EFF3118081F3118841F69471C1F6FE716E
S1130CA00A68531C0B605AB941F69871C1F6FE717B
S1130CB008604EF60450CEF200000068C00500D172
S1130CC0704780B54AF616304AF63C324BF23B6325
S1130CD0C0F20000C0F20002C0F2000340F2A441DE
S1130CE001F07EFB41F69470C1F6FE70016859B1C3
S1130CF00139016018BF704741F69870C1F6FE7063
S1130D00006880F31188704780B54AF616304CF2BB
S1130D10EF124AF66E23C0F20000C0F20002C0F2E5
S1130D20000340F2AD4101F05BFB88B14EF20C00D0
S1130D30C4F20100B0F90010B1F1FF3F09DDBFF3C7
S1130D404F8F30BFBFF36F8F62B6BFF36F8F72B632
S1130D50704780B54EF2FE32C4F20102B2F800E0F0
S1130D604AF2025CCFF6FF7C0023A2F800C00380A5
S1130D704EF425431380BFF34F8F30BFBFF36F8F03
S1130D8062B6BFF36F8F72B61388A2F800C00180F9
S1130D9043F42540108080BD80B572B602F08CFD0E
S1130DA00120FFF7C2FF62B6BDE8804002F0DEBD5D
S1130DB080B5EFF30380103840B2002806D44EF219
S1130DC00041CEF20001405C0F2817D94EF60C50BA
S1130DD0CEF200000068400558BF80BD4AF61630C8
S1130DE04BF698624AF61273C0F20000C0F2000299
S1130DF0C0F2000340F2216101F0F2FA4AF6163023
S1130E004BF698624CF29B13C0F20000C0F2000251
S1130E10C0F2000340F20F6101F0E2FA80B582B043
S1130E2041690022019219B30279D31E022B14D214
S1130E3008680068D0B101AA002103F0FFFA019804
S1130E40A0B14EF60450CEF200004FF08051016084
S1130E50BFF34F8FBFF36F8F08E0092A06D10069F3
S1130E60006802B0BDE8804004F0CFBD02B080BD90
S1130E704BF2A4704BF67F324BF6A203C0F2000093
S1130E80C0F20002C0F2000340F2071101F0A8FA18
S1130E9070B549B341F69C760546C1F6FE764CF230
S1130EA001220C46C0F20002304611212B4608F004
S1130EB07DF904F11400142108F0EAF840F60970F1
S1130EC0C0F2000040F6FD7141F23B0204F1080358
S1130ED0C0F20001C0F2000207C32046C4E9006565
S1130EE005F09EFA204670BD4BF2A4704BF6CD027D
S1130EF04CF2E053C0F20000C0F20002C0F2000362
S1130F004FF4997101F06CFAF0B583B040F2180116
S1130F10C1F6FE710E68002E52D00446D6E90001D7
S1130F2081600D68002D5AD069684878012800D185
S1130F30FEE7AA6828681268904708B10E2838D1DD
S1130F40A96828688969884735680746296881B986
S1130F5070684BF6EF01D0E901C241F29500C0F28E
S1130F600000C0F200012346CDE900C502F055FCA3
S1130F70356855F8040F78B970684BF65111D0E90B
S1130F8003C241F24D10C0F20000C0F2000123463A
S1130F90CDE900C502F041FC7FB93068016861B158
S1130FA0416851B144F25031C0F25401C160012092
S1130FB004E0A968286849688847002003B0F0BDA8
S1130FC04BF2A4704CF230424BF6A203C0F2000084
S1130FD0C0F20002C0F20003722101F001FA4BF2E8
S1130FE0A4704CF230424AF63E63C0F20000C0F2F4
S1130FF00002C0F20003772101F0F2F970B540F26B
S11310001800C1F6FE7000688B6A40680C460068E0
S11310103B2B9CBF3C23A362816800684D69616AD5
S113102016461A46A847012E054602D1204603F06B
S1131030A0FDB5FA85F0400970BD80B540F21800F6
S1131040C1F6FE70006840680068816800688969BC
S11310508847B0FA80F0400980BDFFF719BFB0B5EA
S1131060044608F04BF8054608F048F8C5EA004184
S113107001202160B0BDD4D410B582B0002001ACF1
S1131080019000BF2046FFF7EAFF01980028F9D03D
S113109002B010BD84B040F2180A04460025C1F61F
S11310A0FE7A0DF104094FF0010B0DF1080800BFA1
S11310B0002000214FF0FF3203F068F940F2EA50BB
S11310C0002103F0ECFC0028F2D00746DAF8000017
S11310D04068006841688268C96993680191006842
S11310E0796A4A46984768B1796A06462046019566
S11310F0C7E90A5405F09BFAB6F57A6F386321D133
S113110008E000BF0198796AC7E90A04204605F09F
S11311108EFA3863B0B1786A04F0C1FB012811D1AA
S1131120404600218DF808B0039704F062F90128C5
S113113008D140F2EA50002103F0B1FC0746002830
S1131140B6D0C3E7384603F014FDB1E782B040F2ED
S11311501801C1F6FE710F688046796800200C689A
S113116040F6A17A41F2883BE94640F6A175CDE903
S1131170000800BF486902F0C1FCA16820688969C1
S1131180884785420BD00646584518BF564508D1B6
S11311904846002104F02DF9012808BF3546796836
S11311A0E8E7002EFBD1D8F8200004F0ECF8002585
S11311B0F5E780B545F25422C5F24F0202600846B5
S11311C000F018F8002080BDC8B2012383409BB210
S11311D04FF4803C002A08BF0CFA00F36FF00100C2
S11311E000EAD11008220101C4F204020020535085
S11311F07047D4D470B5044600F05CF841F6E47C42
S1131200EFF31080012181F31088C1F6FE7CDCF835
S1131210001039B940F60351C4F2040100220A70E7
S113122040220A70DCF800100131CCF8001080F381
S11312301088208810B340F6000E0021C4F2040E7A
S1131240606800EBC102928850F83130100ADD0367
S1131250D2B20BD50EEB801555F8226026F48036F9
S113126045F8226023F4803645F822600EEB8010A6
S113127040F82230208801318142E1D3EFF310811C
S1131280012080F31088DCF8000020B1DCF80000B5
S11312900138CCF80000DCF8000038B940F60350FF
S11312A0C4F20400002202708022027081F31088CC
S11312B070BDD4D42DE9F04F81B0044600880028D5
S11312C05CD044F240084EF2BB4A4CF2967BC4F226
S11312D004080026C4F2010AC0F2000B4FF0010911
S11312E0002700BF60683BF8172000EBC600818828
S11312F091423CD100689AF8001000F0B85009FA05
S113130007F5B0F1807F05EA010015D150B901203D
S113131001F005F99AF8000028438AF8000001203A
S113132001F0D4F818F91700002820D418F8170091
S113133040F0800015E000BF50B1012001F0EFF84B
S11313409AF80000A8438AF80000012001F0BEF8D2
S113135018F91700B0F1FF3F09DC18F8170000F086
S11313607F0008F81700C820012101F03CF801377C
S1131370032FB7D1208801368642B1D301B0BDE82E
S1131380F08FD4D4F0B581B00D460446087840F609
S11313900051C4F2040101EB802000F5083000F58F
S11313A0A1500027C4E90150E760A87B4FF4004234
S11313B000284FF0000008BF10200870012020749E
S11313C020460021009700F0B3F86E462046002125
S11313D0324600F041F89DF801106868090607F1EB
S11313E0010701D58742F1D3874206D244F659005A
S11313F0C5F250202060002000E0142001B0F0BDB0
S113140080B5112107F044FE002080BDF0B581B005
S1131410054601200C4600272874284600214FF475
S11314200042009700F084F86E4600BF2846002171
S1131430324600F011F89DF801106068090607F1C2
S1131440010701D58742F1D387424FF0140038BF1A
S1131450002001B0F0BDD4D42DE9F04190460E46F1
S113146005462027284600F049F9B8B2013F012873
S1131470F8D828463146022200F01EF9284600F02A
S113148099F9284600F096F9A8680022102301264D
S1131490002100BF6F68BF68012F29DB013700BF3F
S11314A0013F012F0260FBD86F68BF680468012FF9
S11314B0C4F3C00444EA41011FDB0137013F012F9B
S11314C00660FBD86F68BF68012F16DB013700BFC9
S11314D0013F012F0660FBD86F68BF68012F0CDB4A
S11314E0013700BF013F012F0260FBD805E000BFB8
S11314F00768C7F3C00747EA4101013BCAD86868D7
S11315008368012B0FDBA8689A0F9B00002600BF9D
S11315105F1E62F10005D3F1010376EB02023B4644
S11315202A460660F4D30020C8F80010BDE8F08114
S1131530F0B581B015460E4604462027204600F03B
S1131540DDF8B8B2013F0128F8D82046314601221F
S113155000F0B2F8204600F0D1F8204600F0FCF884
S1131560112600BF280403D4204600F0F5F802E059
S1131570204600F0C3F8013E012E4FEA4505F1D89C
S113158060688268012A0EDBA068910F9200002334
S1131590571E61F10006D2F1010273EB01013A46D4
S11315A031460360F4D3002001B0F0BD10B582B021
S11315B00446406840F6E152407B0421002820465E
S11315C008BF40F2E112E260FFF7B2FF20460021BB
S11315D04FF49052FFF7ACFF01AA20460421FFF715
S11315E03BFF002002B010BD2DE9F04182B0064659
S11315F0002001AC1746884601903046012122465E
S11316001D46FFF729FF304601212246FFF724FF3C
S11316100198410702D441F2883034E0F1684A0568
S113162004D5396841F002013960F168090503D530
S1131630396841F001013960800602D441F28930F1
S113164021E001AA30460521FFF706FF0198410574
S113165044BF02212960010503D5296841F0010135
S11316602960C1050BD441064FF0020158BFC0F3F5
S11316704011000648BF03210029CCD000E004211A
S11316800020C8F8001002B0BDE8F081B0B582B007
S113169001AD01212A460446FFF7DEFE2046012162
S11316A02A46FFF7D9FE019840074FF0000058BFC3
S11316B041F2883002B0B0BD70B504464068022AD9
S11316C040694FF4A042806808BF4FF4C0420078DC
S11316D042EA810141EAC0150F2600BF280403D461
S11316E0204600F039F802E0204600F007F8013EF9
S11316F0012E4FEA450598BF70BDEFE741688A683F
S1131700012A27DB81680132062300BF013A012A3E
S11317100B60FBD842689268012A1BDB0132072365
S1131720013A012A0B60FBD842689268012A11DB56
S113173001320723013A012A0B60FBD84068806814
S11317400128B8BF70470130062200BF01380128C4
S11317500A60FBD87047D4D441688A68012A27DB21
S113176081680132022300BF013A012A0B60FBD8D1
S113177042689268012A1BDB01320323013A012AE1
S11317800B60FBD842689268012A11DB0132032303
S1131790013A012A0B60FBD8406880680128B8BF71
S11317A070470130022200BF013801280A60FBD8CB
S11317B07047D4D441688A68012A27DB81680132E2
S11317C0002300BF013A012A0B60FBD842689268EB
S11317D0012A1BDB01320123013A012A0B60FBD8E9
S11317E042689268012A11DB01320123013A012A7D
S11317F00B60FBD8406880680128B8BF704701308F
S1131800002200BF013801280A60FBD870472DE987
S1131810F04F81B00446006844F64508C4F25458B9
S1131820404501D10E20B6E00D464E6B087844F2D7
S11318300011C4F2060101EB8029C4F81090287845
S113184047F20007C4F2040707EB002000F5E83A6A
S11318504FF0000BC4F814A06560C4F818B0697D9B
S11318603068090107F014FC6068017D70680901A3
S113187007F00EFC204600F087FAA86A0121E06117
S1131880286BC4E908B0EFF3108081F31088626814
S113189012783B68C2F10F02914023EA01013960DA
S11318A0396880F310886069016841F001010160C2
S11318B041F6F870C1F6FE7000684EF20011C0F2F5
S11318C0F551B1FBF0F00121013000F08CFD6068AE
S11318D0616980688A6F60F305028A67606840798D
S11318E08A6F00F0030022F4403242EA0040886725
S11318F06068C16A07C91268904741F2883188421A
S113190047D0002847D16068C06A81680068496987
S113191088473720C9F8100040F69F70C4F2FF7062
S1131920CAF82800DAF830004EF2001240F48000C1
S1131930CAF830006068CEF2000290F8241090F9E2
S113194020000901831883F8001341F6E871C1F6F9
S1131950FE7141F8204046F20031C4F2000151F812
S1131960203023F4803341F8203051F8201000F067
S11319701F010123400903FA01F102EB8003BFF3C5
S11319805F8FC3F8801142F820100020C4F8008053
S113199001E040F6A57001B0BDE8F08FF0B581B06C
S11319A004464068D4E9045690F92000002812D473
S11319B000F01F01012202FA01F14EF280124009E7
S11319C0CEF2000242F82010BFF34F8FBFF36F8FA7
S11319D0606890F8200041F6E87140B2C1F6FE71EB
S11319E0002741F820706068C06A8168006849680F
S11319F08847A869012120F00400A861306B47F2F0
S1131A00000320F4800030632F60A761EFF310809F
S1131A1081F310886268C4F2040312781E68C2F16C
S1131A200F02914031431960196880F310882760D0
S1131A300020676001B0F0BDF0B581B00546C07EFE
S1131A40012818D128690068800517D414460E4669
S1131A50AA68106800281ED46868817811B91168D2
S1131A6009061BD4116809010BD5284600F028F893
S1131A700028EDD022E040F6A1701FE040F6A270ED
S1131A801CE09168928843799F1804D0407868B12B
S1131A900020316011E04FF47A600FE0284600F036
S1131AA00FF8002808BF40F6A47007E030463A4615
S1131AB007F0F2FA284600F003F8276001B0F0BD01
S1131AC0C17E01291CBF40F6A170704701690968F5
S1131AD0890544BF40F6A270704781680A68002AED
S1131AE00ED40A684FF66043CCF2FF731A400A60C2
S1131AF081680A6842F000420A608168C9688160AE
S1131B004069016901291CBF01210161002070475E
S1131B1082681368002B18D4916081684FF6604383
S1131B200A68CCF2FF731A400A6081680A6842F0BE
S1131B3000420A608168CA684169826008690128B4
S1131B401CBF012008610020704740F6A670704752
S1131B5070B50446C07E01281CBF40F6A17070BD5C
S1131B6020690068800544BF40F6A27070BD6068BB
S1131B700E4641781546D1B1012904BFE06886605C
S1131B80E068C580E068016821F040510160E068C8
S1131B90016841F030410160E068C1686069E1605A
S1131BA0816801291CBF01218160002070BDE168AA
S1131BB00A68002A02D4C069A84202D240F6A3707F
S1131BC070BD886831462A4607F066FA6068417835
S1131BD0D2E7F0B587B004464068A17E466B012980
S1131BE021D1E2690021A1765AB10278006B8DF807
S1131BF0081003910491069001A92046019200F077
S1131C00DCF8207E8DF8030065682046FFF7C6FEE9
S1131C1020462946FFF7FBFD054600286ED19DF8B6
S1131C20031060682176C06A81680068C9698847C2
S1131C3041F288318842207E4FF0000508BF40F60B
S1131C40A17504D1012807D10020012102E018B9AF
S1131C500120022161762076607E012824D00228AA
S1131C604CD1002760686776417D3068090107F030
S1131C700FFA6068017D7068090107F009FA2046CF
S1131C8000F082F801206168E076096920460022AC
S1131C9000F0B8F82046002100F088F9E8B10546C4
S1131CA00220E776607629E00020216960760A68E0
S1131CB022F040020A600A6822F020020A60E16908
S1131CC0E076D9B1616803900A78096B0192022227
S1131CD08DF80820049006910CE0E069002568B1B5
S1131CE0606803950178006B019101218DF808105B
S1131CF00495069001A9204600F05FF8284607B035
S1131D00F0BD10B50446C07E01280AD160680122E6
S1131D100169204600F076F82046012100F046F9DA
S1131D2010B140F6A17010BD6068C06A8168006897
S1131D30C969884741F2883188424FF0000008BFE2
S1131D4040F6A17010BD42684369506BD3F8D83097
S1131D508BB1D0F804C0A3F11000604503D2107D0C
S1131D600CEB0010103882682AB10068002802D4F5
S1131D7000200A607047222070478446C0E9071398
S1131D800020CCF82420704770B50446406881696F
S1131D9091B1417809B1457D02E0017D407D45184E
S1131DA055B100266068D0E9060150F8260007F016
S1131DB06FF90136B542F5D170BD2DE9F04387B016
S1131DC08146006A0DF1040830B184469CE8F44071
S1131DD0434683E8F44000E0404609790171D9F8AC
S1131DE0041009780160D9F824104161D9F81C1055
S1131DF08847D9F8200010B198E8EE00EEC007B08B
S1131E00BDE8F0832DE9F0410446D0E90450904642
S1131E1003680E4643F00102026041F6F870C1F611
S1131E20FE7000684EF20012C0F2F552B2FBF0F000
S1131E300121013000F0D7FA6068616980688A6F17
S1131E4060F305028A67606840798A6F00F00300D6
S1131E5022F4403242EA004088673068B18800BA10
S1131E6049BAC5F8C000C5F8C8106768797D786BB1
S1131E7069B3002110224FF0004C00260568FB696D
S1131E80AF1827F80A3C27F80C1C0368134447F8DA
S1131E90043C636810329B69002B1ABF53F8263048
S1131EA047F810CC002347F8083C676801367B7D6F
S1131EB09E42E3D3A91851F8202D42F080420A60D3
S1131EC00268CA606368A2601A7D12B92EE0397D87
S1131ED099B34FF0000E10224FF0010C002600BF02
S1131EE04568AF1827F80ACC27F80CEC47F810EC33
S1131EF04168114447F8041C61684B78002B4FF08B
S1131F00000309D18B692BB1497D03EB810151F8A1
S1131F10263001E0002300BF47F8083C6168013621
S1131F20097D10328E42DBD3A91820390A6842F0A9
S1131F3080420A604068C860E060D4E90410B8F1E7
S1131F40000F07D08A6942F002028A61026B42F4F0
S1131F5080020AE0026B42F480020263026B42F4E4
S1131F6080220263026B42F40012026340F2EE52DA
S1131F708A6014220A656268D268CA66016841F000
S1131F8040010160A1680162E1688161616889784A
S1131F90002918BF802181630021816440F20F7100
S1131FA0016501218165BDE8F081D4D42DE9F041BA
S1131FB084B0044662680020D26A039002900190C3
S1131FC09068D4E90468876910680D4603A902AAD9
S1131FD001ABB84710B140F6A1708AE0039801380C
S1131FE00328F8D8DFE800F0021C0B143068012144
S1131FF020F002003060306820F0040018E03068FF
S1132000012120F002003060306840F004000FE04D
S1132010306840F002003060306840F0040006E0B0
S1132020306840F002003060306820F00400002185
S1132030306045B1306840F400703060306840F082
S11320404000306054E031BB60680079012822D13F
S11320504FF6FF70706500207066C8F87000316834
S113206041F400213160DDE9011201F0030162F362
S113207083014CF2E472C0F2000200BF02EB800361
S113208012F820705D780F40AF420CD00130082860
S1132090F4D100200FE0306820F4803030603068E4
S11320A020F4003012E09978D878012903D13168FE
S11320B041F4803102E0316821F4803131603168CB
S11320C0012814BF21F4003041F40030306060680E
S11320D0C078316860F300013160306840F040003E
S11320E03060306840F0200030600120C8F81000F3
S11320F0002004B0BDE8F0812DE9F04F87B0EFF384
S113210003804FF0704101EB006041F6E8718015E7
S1132110C1F6FE7151F800B0DBF80420DBE90410CD
S1132120566BD1F81090876A5FEA472807D55FEAB3
S1132130897244BF01228BF81A20C1F8109087627B
S1132140DBF81C0000283FD0DBF804004CF6240424
S11321500178006B0025C0F200040DF1040A01911E
S1132160069000BF04EBC5004068B16808403842DF
S113217007D014F8350051468DF808005846FFF78B
S11321801CFE0135062DEDD1B8F1000F1CD54CF61F
S1132190540500200127C0F200050DF1040800BF1A
S11321A005EBC0004168327B114011EA090F06D0EB
S11321B0007841468DF808005846FFF7FEFD0120DF
S11321C0F9074FF00007EBD1EFF303804FF07041B4
S11321D001EB006046F200318015C4F20001425860
S11321E022F480324250405807B0BDE8F08F4EF2DE
S11321F02000C4F20100817940F238420068C1F63F
S1132200FE7252F82110C0F3026021FA00F041F688
S1132210F871C1F6FE7108607047D4D42DE9F0411D
S11322204EF2FE35C4F201054CF200144AF203509A
S1132230C4F2010428800020208040F2384742F68E
S1132240005041F6004C4EF22006C1F6FE77C0F273
S1132250311041F200214FF4004241F60033C0F640
S11322604E6CC4F20106C0F27A01C0F2B70387E8EB
S11322700F00C7E9042CB079316857F82000C1F386
S1132280026141F6F878C840C1F6FE78C8F800004B
S113229020206875092086F8820095F8820018B914
S11322A095F88300800756D095F8820050B9012034
S11322B085F88200C820012100F095F895F8820085
S11322C00128FBD1002085F8830085F882000620D0
S11322D086F885000020B074307F0007FCD54FF4E9
S11322E01C5030810020B072307F8006FCD5022063
S11322F0207741F22120C2F2011030600520B07134
S1132300B079316857F82000C1F30261C840C8F8B9
S1132310000042F20400C4F20000F12101700E2119
S1132320BFF35F8F0171F021BFF35F8F0170012054
S11323304021307486F8320086F8330031714FF44E
S113234025412980A08000BFA0880028FCD101205D
S11323502080BDE8F0814FF47A7000F001F8B6E710
S11323607047D4D4B0B544F22404C4F20404002564
S1132370C8200121257100F036F825702078002846
S1132380FCD1207840F00200207000BF2078800744
S1132390FCD4002004F8020C14F8020C0028FBD131
S11323A0002004F11C0100BF11F8102002F07F028C
S11323B001F8102011F91020002AFBD40130032861
S11323C0F2D1012000F0ABF84EF2BB41C4F201019E
S11323D0002201200A70BDE8B04000F077B87047D1
S11323E000BE00BFFEE741F6F872C1F6FE72126845
S11323F041F20023C0F27A039A4201FB00F00FD3AA
S113240040F6FF01C0F23D0111444DF68362C4F26F
S11324101B32A1FB0212110DA0FB0101D9B11DE079
S11324204CF6002348F63811C3F69A33C0F2410142
S1132430B3FBF2F2884206D24FF47A714843B0FB00
S1132440F2F0800807E09200B0FBF2F0884205D277
S11324504FF47A71484328B100F005B84FF0FF30CB
S113246000F001B8704701380028FCD17047D4D47B
S11324702DE9F04146F22018C4F20008B8F8000033
S1132480B8F8201041F6B07501EA0006B7B200248E
S1132490C1F6FE7527FA04F0C00704D055F82410DD
S11324A009B12046884701340D2CF3D1A8F81060F7
S11324B0BDE8F0814CF29470C0F20000008820B1B5
S11324C046F20031C4F20001086070470122EFF3C4
S11324D0108182F3108841F6EC72C1F6FE7232F874
S11324E0103023B132F81030013B22F8103032F8AA
S11324F010208AB94EF2FE3CC4F2010C4CF6640280
S1132500BCF80030C0F2000232F8100043F4254257
S113251022EA0000ACF8000081F31088704780B50F
S11325200122EFF3108182F3108841F6EC72C1F6B8
S1132530FE7232F810308BB94EF2FE3C4CF6640356
S1132540C4F2010CC0F20003BCF800E033F8103010
S113255043EA0E0343F42543ACF8003032F810305C
S1132560013322F8103081F3108880BD00F006F8A2
S1132570FEF74FFAFEE700BE7047D4D4B0B54EF66E
S11325800850CEF200004FF47001C0F8801040F201
S11325900001C0F20001016000200024FDF770FF7B
S11325A0FFF73CFE01200125FDF76AFF40F60050CD
S11325B0C4F200004FF425418480018040F23801C8
S11325C0C1F6FE71816001F58061C16046F220119F
S11325D0C4F200014FF480520A808580002000F08C
S11325E031F8FFF704FEFFF7BDFE0220FDF748FFB8
S11325F0012000F027F84BF2F024C1F6FE742046C7
S113260006F0ACFD204606F0BDFD4CF616604CF617
S11326101661C0F20000C0F20001081A8410012CF7
S113262009DB4CF61665C0F2000500BF55F8040B33
S11326308047013CFAD1FFF73DFF0020BDE8B040E0
S1132640FFF7CDBEF0B581B040F24405C0F20005FD
S11326502E68044676B16868071D00BF7879844205
S113266004D157E90101091A06F012FD013E07F1F0
S11326700C07F3D1AE6886B1E86800F1080500BF25
S11326806879844205D155E902022968121A06F0D4
S113269003FD013E05F11005F2D101B0F0BDD4D423
S11326A0B0B500F10805092D06D310F0070104D0D8
S11326B009398D4240F2C080002501F0FDF841F651
S11326C0FC72C1F6FE72116829B142F20000C1F633
S11326D0FE70006826E042F20C03C1F6FE73D81DBA
S11326E0590703F5004118BF20F0070342F2040024
S11326F0C1F6FE700024C0E9003421F00700A0F107
S11327000801116040E90244C81A11684AF20C0237
S1132710C1F6FE72C3E90010106042F20002C1F675
S1132720FE721060012D4FF000046FDB85426DD8FE
S113273042F20400C1F6FE70026842F20C0CC1F6CB
S1132740FE7C6245C0F08C8047F6FF706044824294
S113275000F286805068A84212D2106880B147F611
S1132760FF730CEB030400BF60456AD313460246B3
S1132770A04266D85068A84206D2106820B1F3E798
S113278042F20403C1F6FE738A423ED0186800F197
S11327900804644573D347F6FF70604484426ED8DE
S11327A0106818605168A94279D3481B11280DD3C9
S11327B002EB050C5FEA4C7140F08180CCF8040018
S11327C0556018685051C3F800C0516842F20005C2
S11327D0C1F6FE754AF20C0C2B68C1F6FE7CDCF8DF
S11327E000005B1A834241F000404FF000012B606F
S11327F038BFCCF80030C2E900104AF21000C1F62C
S1132800FE7001680131016000E0002401F0AEF8BF
S1132810600704BF2046B0BD4BF2DA704AF63E7240
S11328204BF2CA23C0F20000C0F20002C0F200035F
S113283040F25711FFF7D4FD20F0070000F1100516
S11328403BE74BF2DA704AF63E724BF6A843C0F20D
S11328500000C0F20002C0F20003FB21FFF7C0FD3C
S11328604BF2DA704AF63E724BF6A843C0F200000F
S1132870C0F20002C0F20003F521FFF7B1FD4BF2F4
S1132880DA704AF63E724BF26A53C0F20000C0F2AC
S11328900002C0F2000340F20511FFF7A1FD4BF264
S11328A0DA704AF63E724AF65D43C0F20000C0F2A6
S11328B00002C0F2000340F20D11FFF791FD4BF24C
S11328C0DA704AF63E724BF61703C0F20000C0F20B
S11328D00002C0F200034FF48B71FFF781FDD4D4E2
S11328E070B5002841D042F20C06A0F10805C1F6EB
S11328F0FE760446B54254D347F6FF703044854211
S11329004FD854F8040C00285BD52968002968D1F5
S113291020F0004044F8040C00F0CEFF42F2000026
S1132920C1F6FE7054F8041C026842F204030A441F
S1132930C1F6FE7302601A4610461268AA42FBD31F
S1132940984206D0B0425CD347F6FF7333449842B2
S113295057D84368C618AE4202D1194405464160AF
S11329606B18934202D013460CE070BD41F6FC7321
S1132970C1F6FE731B689A4204D052681144696020
S113298001680B68A8422B6018BF05604AF2140066
S1132990C1F6FE70016801310160BDE8704000F0CD
S11329A0E5BF4BF2DA704BF691324CF25443C0F26D
S11329B00000C0F20002C0F200034FF4B571FFF74B
S11329C00FFD4BF2DA704BF691324BF66513C0F201
S11329D00000C0F20002C0F2000340F26B11FFF7E6
S11329E0FFFC4BF2DA704BF691324CF20723C0F243
S11329F00000C0F20002C0F200034FF4B671FFF70A
S1132A00EFFC4BF2DA704AF64B724AF68023C0F2BE
S1132A100000C0F20002C0F200034FF4FD71FFF7A2
S1132A20DFFCB0B51C20FFF73BFE044628B10025AF
S1132A30201D256000F054F925762046B0BDD4D47D
S1132A402DE9F041D0B30D46B1F1807F46D28046E6
S1132A5000F10C0600F030FFD8F80000D8F8107030
S1132A602843B742C8F800001DD000253846D7E9EE
S1132A700037D8F8001023F07F425C0101EA020419
S1132A800AD434B141F00071DB0148BF154301F0B1
S1132A9046FBB742EAD102E09442F3D0F9E7D8F812
S1132AA00000E94301E04FF0FF310840C8F800009E
S1132AB000F05CFFD8F80000BDE8F0814BF2347000
S1132AC04AF6B0624BF6D813C0F20000C0F200021E
S1132AD0C0F2000340F23221FFF782FC4BF2347063
S1132AE04AF6B0624BF20333C0F20000C0F20002B7
S1132AF0C0F2000340F23321FFF772FC2DE9F043EA
S1132B0081B000286DD00D46B1F1807F79D2002DBF
S1132B1000F08780089E99469046044601F016FC12
S1132B2016B1002800F08D8000F0C6FE276807EA81
S1132B300500B0FA80F1401B18BF0120B9F1000F65
S1132B4008BF4809002840D0002E44D04146B8F1BF
S1132B50000F18BF4FF08071B9F1000F18BF41F09A
S1132B608061201D2943324601F0C7F900F0FEFEC2
S1132B7050B94EF60450CEF200004FF0805101607F
S1132B80BFF34F8FBFF36F8F01F0F3FB0646800155
S1132B9018D4FEF77CF8266816EA0500A0EB0501B8
S1132BA018BF0120B9F1000FB1FA81F118BF48092B
S1132BB0B8F1000F18BF002802D026EA05002060F3
S1132BC0FEF790F826F07F4707E0B8F1000F1CBF2E
S1132BD027EA0500206000F0C9FE384601B0BDE8D0
S1132BE0F0834BF234704BF69B324BF6D813C0F2A1
S1132BF00000C0F20002C0F2000340F24711FFF7E8
S1132C00EFFB4BF234704BF69B324BF2B113C0F234
S1132C100000C0F20002C0F200034FF4A471FFF7F9
S1132C20DFFB4BF234704BF69B324BF2E913C0F2EC
S1132C300000C0F20002C0F2000340F24911FFF7A5
S1132C40CFFB4BF234704BF69B324AF65D63C0F215
S1132C500000C0F20002C0F200034FF4A671FFF7B7
S1132C60BFFBD4D4B0B558B3044600F025FE606869
S1132C7060B104F10C0500BF2069A84210D04FF0E8
S1132C80007101F04CFA60680028F5D100F06EFE86
S1132C90207E00B1B0BD2046BDE8B040FFF720BEA5
S1132CA04BF234704BF266724BF23733C0F20000D1
S1132CB0C0F20002C0F2000340F29A21FFF790FB39
S1132CC04BF234704BF266724BF6B763C0F20000FD
S1132CD0C0F20002C0F2000340F28E21FFF780FB35
S1132CE04FF0FF31024642F8081F0021C0E90322D9
S1132CF0C0E90012704700210161704742684A60D0
S1132D0093688B60596091600861016801310160CA
S1132D107047D4D480B5D1F800C01CF1010207D0AB
S1132D2000F108029646526813686345FAD903E035
S1132D30D0F810E0DEF804204A609160C1F808E0A1
S1132D40CEF80410086101680131016080BDD0E94A
S1132D5001230169936042685A604A68824201D142
S1132D6082684A600022026108680138086070477E
S1132D7070B500284BD00446C06BC0B30E46216C1E
S1132D80A0FB010199BBFDF782FF2068D4E90F1273
S1132D90002502FB0103013901FB0201A563C4E91B
S1132DA00103FF20E16084F8440084F8450004F145
S1132DB010004EB1FFF794FF04F12400FFF790FFD9
S1132DC0FDF790FF012070BD01680029F8D001F0E3
S1132DD020F90028F4D04EF60450CEF200004FF053
S1132DE080510160BFF34F8FBFF36F8FE8E74BF65D
S1132DF08C204CF2D0124BF6C973C0F20000C0F222
S1132E000002C0F200034FF4B671FFF7E9FA4BF683
S1132E108C204CF2D0124BF63273C0F20000C0F298
S1132E200002C0F2000340F23711FFF7D9FA10B5DF
S1132E3082B05BB3D0B11C4601B9BAB901B1AAB131
S1132E4048230193019B482B30D1019B012384F833
S1132E504630002908BF2246C4E90F01204601215B
S1132E602260FFF785FF204602B010BD4BF68C2090
S1132E704BF278724BF61A53C0F20000C0F2000213
S1132E80C0F200034FF4D871FFF7AAFA4BF68C2076
S1132E904BF278724BF27D03C0F20000C0F20002E4
S1132EA0C0F200034FF4C271FFF79AFA4BF68C207C
S1132EB04BF278724BF28163C0F20000C0F2000260
S1132EC0C0F200034FF4CB71FFF78AFAB0B582B0B9
S1132ED060B10D46814209D81446002100222346E0
S1132EE0FFF7A5FF2046A56302B0B0BD4BF68C20CA
S1132EF04BF6E4124BF28B03C0F20000C0F2000266
S1132F00C0F200034FF45E71FFF76AFA2DE9F04F47
S1132F1085B00028049200F09D8099461546044629
S1132F2019B9206C002840F0C580B9F1020F03D113
S1132F30E06B012840F0AE80019101F007FA10B96E
S1132F40002D40F09780FDF7A2FEA06BB9F1020FAF
S1132F5059D0E16B884256D304F11007012002AE28
S1132F604FF0000B04AD00BF0499002966D0C007E0
S1132F7002D0304601F080F9FDF7B4FE00F09CFC6D
S1132F80FDF785FE94F84400FF2808BF84F844B098
S1132F9094F84500FF2808BF84F845B0FDF7A2FE69
S1132FA03046294601F075F900284AD1FDF76FFE35
S1132FB0D4F838A0D4F83C80FDF794FEC24515D16E
S1132FC00499384600F078FF204600F0B5F800F088
S1132FD0CDFC80B94EF60450CEF200004FF0805183
S1132FE00160BFF34F8FBFF36F8F04E0204600F002
S1132FF0A3F800F0BBFCFDF74AFEA06BE16B88422E
S11330004FF00000B0D2019920464A4600F062F821
S113301054F8240F70B1204600F0FBFF50B14EF677
S11330200450CEF200004FF080510160BFF34F8F87
S1133030BFF36F8FFDF756FE012008E0FDF752FE47
S113304004E0204600F078F800F090FC002005B081
S1133050BDE8F08F4BF68C204AF6C3624BF6327310
S1133060C0F20000C0F20002C0F2000340F2B63128
S1133070FFF7B6F94BF68C204AF6C3624AF65D6355
S1133080C0F20000C0F20002C0F2000340F2BB3103
S1133090FFF7A6F94BF68C204AF6C3624BF2930372
S11330A0C0F20000C0F20002C0F200034FF46E71DF
S11330B0FFF796F94BF68C204AF6C3624CF2EB43C9
S11330C0C0F20000C0F20002C0F2000340F2B731C7
S11330D0FFF786F970B5866B036C044643B3154657
S11330E0CAB1E0681A4605F0D7FFE168206C22688F
S11330F0091A9142E16003D2A16840420844E060A9
S1133100A81EB0FA80F040093146002E18BF0121F4
S11331100840361A0CE060681A4605F0BDFFD4E991
S11331200101226C10448842606001D32068606011
S1133130701CA06370BDD4D4F0B581B00446FDF713
S1133140A6FD94F94560012E0EDB04F1240500BFB1
S1133150286848B1284600F05CFF08B101F0E9F89E
S113316070B2013E0128F3DCFF2684F84560FDF7C8
S1133170B9FDFDF78CFD94F94470012F0EDB04F1C9
S1133180100500BF286848B1284600F042FF08B186
S113319001F0CFF878B2013F0128F3DC84F84460F1
S11331A001B0BDE8F040FDF79DBDD4D42DE9F04F4A
S11331B083B00028029200F0A28016468946044695
S11331C019B9206C002840F0BA8001F0BFF810B99A
S11331D0002E40F0A480FDF75AFDD4F838A0BAF1CF
S11331E0000F28D0226C52B1D4E902011144E160ED
S11331F0814224BF2168E160484605F04DFF54F840
S1133200100FAAF10101A16270B1204600F001FF84
S113321050B14EF60450CEF200004FF080510160E0
S1133220BFF34F8FBFF36F8F0124FDF75BFD204683
S113323003B0BDE8F08F04F1240801206F464FF07D
S1133240000B02AE0299002955D0C00702D03846BF
S113325001F012F8FDF746FD00F02EFBFDF717FD17
S113326094F84400FF2808BF84F844B094F845005B
S1133270FF2808BF84F845B0FDF734FD38463146D1
S113328001F007F860B12046FFF756FF00F06EFB2F
S1133290FDF7FDFCA56BFDF725FD75B322E000BF2E
S11332A0FDF7F5FCA56BFDF71DFD2DB12046FFF7DD
S11332B043FF00F05BFB15E00299404600F0FCFD83
S11332C02046FFF739FF00F051FB58B94EF6045081
S11332D0CEF200004FF080510160BFF34F8FBFF377
S11332E06F8F00BFFDF7D3FCD4F838A00020BAF1EB
S11332F0000FA7D076E7002497E7002497E74BF662
S11333008C204BF608224AF6FF73C0F20000C0F28C
S11333100002C0F2000340F2E951FFF761F84BF6F6
S11333208C204BF608224AF65D63C0F20000C0F21E
S11333300002C0F2000340F2F251FFF751F84BF6DD
S11333408C204BF608224BF62553C0F20000C0F245
S11333500002C0F2000340F2ED51FFF741F8D4D46B
S11333602DE9F04F83B00028029100F08E800446CE
S1133370006C002840F099800D4600F0E7FF10B97A
S1133380002D40F0A280FDF782FCA16BD1B154F86E
S1133390100F0139A16270B1204600F03AFE50B11D
S11333A04EF60450CEF200004FF080510160BFF39E
S11333B04F8FBFF36F8F0124FDF794FC204603B0B9
S11333C0BDE8F08F4EF6045904F1240801206E463E
S11333D04FF0000B02AFCEF200094FF0805A00BF4D
S11333E0029900294DD0C00702D0304600F044FFB6
S11333F0FDF778FC00F060FAFDF749FC94F844000E
S1133400FF2808BF84F844B094F84500FF2808BF9B
S113341084F845B0FDF766FC3046394600F039FFC4
S113342060B12046FFF788FE00F0A0FAFDF72FFCFC
S1133430A56BFDF757FC35B31CE000BFFDF727FC77
S1133440A56BFDF74FFC2DB12046FFF775FE00F08C
S11334508DFA0FE00299404600F02EFD2046FFF75A
S11334606BFE00F083FA28B9C9F800A0BFF34F8FB0
S1133470BFF36F8FFDF70BFCA16B00200029AFD0C9
S113348085E7002498E7002498E74BF68C204BF25C
S11334909C624AF6FF73C0F20000C0F20002C0F260
S11334A0000340F28261FEF79BFF4BF68C204BF247
S11334B09C624CF22D23C0F20000C0F20002C0F264
S11334C0000340F28661FEF78BFF4BF68C204BF233
S11334D09C624AF65D63C0F20000C0F20002C0F2D2
S11334E0000340F28B61FEF77BFF10B538B1044650
S11334F0FDF7CDFBA46BFDF7F5FB204610BD4BF6A5
S11335008C204BF6B7224CF28403C0F20000C0F2C8
S11335100002C0F2000340F69B01FEF761FFD4D421
S1133520C0B14AF2180C0021C1F6FE7C0CEBC103B9
S11335305A68824203D001310A2904D0F6E70022F6
S11335404CF831205A6090F84610002918BF704793
S1133550FFF7C6B980B54BF68C204BF67E524BF67E
S11335603273C0F20000C0F20002C0F2000340F661
S1133570D401FEF735FFD4D4B0B500B3D1B14AF2CB
S1133580180E4FF0000CC1F6FE7E0022002300BF8F
S11335900EEB02046568A8420DD023B92368002B02
S11335A018BF644623460832502AF1D1002B18BFB5
S11335B0C3E90010B0BD2346C3E90010B0BD4BF60B
S11335C08C204AF6F8224CF28403C0F20000C0F2C8
S11335D00002C0F2000340F6C931FEF701FF70B5E6
S11335E015460E460446FDF752FB94F84400FF28A6
S11335F004BF002084F8440094F84500FF2804BF69
S1133600002084F84500FDF76DFBA06B28B904F198
S1133610240031462A4600F0BFFC2046BDE8704035
S1133620FFF78ABD2DE9F04786B0DDF83C900746E8
S11336300020B9F1000F049026D0109CA4B36020A0
S11336400590059860283FD105980E46DDF838A00E
S1133650204660219846154605F01AFD022084F89C
S11336605D0004A8C4F83090CDE900A03846314686
S11336702A464346029400F093FF204600F034F8B3
S1133680049806B0BDE8F0874BF675404BF6AF32B0
S11336904AF69043C0F20000C0F20002C0F20003F8
S11336A040F2F141FEF79CFE4BF675404BF6AF320B
S11336B04BF2FB33C0F20000C0F20002C0F2000380
S11336C040F2F241FEF78CFE4BF675404BF6AF32FA
S11336D04CF25953C0F20000C0F20002C0F20003E1
S11336E040F2FA41FEF77CFE2DE9F0470446FDF76F
S11336F0CEFA4AF28C00C1F6FE7001684AF26807FD
S113370001310160C1F6FE7739684AF2700A4AF263
S11337109806C1F6FE7AC1F6FE7651B1DAF80000D9
S113372000283DD13868E16AC06A884298BF3C608D
S113373036E03C600068012832D100257019FFF79B
S1133740CFFA1435642DF9D14AF24418C1F6FE7843
S11337504046FFF7C5FA4AF25819C1F6FE794846C1
S1133760FFF7BEFA4AF21810C1F6FE70FFF7B8FA76
S11337704AF27400C1F6FE70FFF7B2FA4AF2001082
S1133780C1F6FE70FFF7ACFA4AF23810C1F6FE70CB
S1133790C0F800804AF23C10C1F6FE70C0F80090F8
S11337A04AF26C00C1F6FE700168013101604AF210
S11337B0FC01C1F6FE71E06A0A68904288BF0860A5
S11337C000EB800006EB80004068221DA060816849
S11337D0E1604A608260E06A00EB800006EB8001F1
S11337E0616156F82010013146F82010FDF77AFA8D
S11337F0DAF8000078B13868E16AC06A88420AD20F
S11338004EF60450CEF200004FF080510160BFF339
S11338104F8FBFF36F8FBDE8F0872DE9F04F83B072
S113382007469000984615468946FEF739FFE0B1F1
S113383006466020FEF734FFA0B1DDE90CBA602132
S1133840044605F025FC384649462A464346266385
S1133850CDE900BA029400F0A3FE2046FFF744FF2E
S1133860012004E03046FFF73BF84FF0FF3003B08F
S1133870BDE8F08F10B5044690F85D00022808BF3B
S113388010BD012803D038B9206BFFF729F8204672
S1133890BDE81040FFF724B84BF675404BF29C226C
S11338A04BF6C333C0F20000C0F20002C0F20003C2
S11338B041F62E11FEF794FD4AF29000C1F6FE7017
S11338C001680131016070472DE9F04381B00E4673
S11338D04AF29401C1F6FE710D684AF23811C1F63C
S11338E0FE71D1F800804AF23C114AF26804C1F634
S11338F0FE71C1F6FE74D1F8009021680746081DD8
S1133900FFF725FA781C16D1AEB14AF20010C1F6C1
S1133910FE70D0E90012236801319A609368276829
S1133920FB60276804375F60236804339360226870
S11339300160506117E02068ED194560206800F1CE
S1133940040105D3484601B0BDE8F043FFF7E2B9EE
S11339504046FFF7DFF94AF22C10C1F6FE70016809
S11339608D4238BF056001B0BDE8F0832DE9F04712
S1133970FDF78DF94AF29000C1F6FE700168002946
S113398000F0AC80016801390160006828B10024AE
S1133990FDF7A8F92046BDE8F0874AF28C00C1F68D
S11339A0FE7000680028F2D04AF21810C1F6FE70CA
S11339B001684AF2141A4AF268090029C1F6FE7A2B
S11339C0C1F6FE7964D04AF2FC024AF2980300215F
S11339D0C1F6FE72C1F6FE734FF0010CC768FC68B5
S11339E0D4E90775A66ABD60E7696F60776804F17A
S11339F01805AF4201D1276A7760A1623768013F99
S1133A003760D4E902656769B560A6686E607D6851
S1133A10261DB54201D1E5687D6061613D68013DC7
S1133A203D60E76A1568AF4288BF176007EB8707F8
S1133A3003EB87077F68A760BD68E5606E60BE60C2
S1133A40E76A07EB870703EB8706666153F827608D
S1133A50013643F82760E76AD9F80060F66AB7428E
S1133A6088BFCAF800C00768002FB7D14AF23810DF
S1133A70C1F6FE700168096819B10068C068006881
S1133A8001E04FF0FF304AF22C11C1F6FE710860DC
S1133A904AF23418C1F6FE78D8F8006056B1012411
S1133AA000F02EF908B1CAF80040013EF8D1002018
S1133AB0C8F80000DAF8000000283FF468AFD9F82D
S1133AC000004EF60450CEF200004FF08051016029
S1133AD0BFF34F8F0124BFF36F8F59E74BF6754047
S1133AE04BF29D324CF29F03C0F20000C0F2000280
S1133AF0C0F2000340F68B71FEF772FC80B580B112
S1133B004AF29001C1F6FE710A6801320A6009683E
S1133B10012912D10021FFF7D7FEFFF727FF00B1DB
S1133B2080BD4EF60450CEF200004FF0805101608B
S1133B30BFF34F8FBFF36F8F80BD4BF675404BF6CD
S1133B403A724BF64B03C0F20000C0F20002C0F21E
S1133B50000340F68E11FEF743FCD4D480B54AF23C
S1133B609000C1F6FE70006830B14AF21410C1F63C
S1133B70FE700121016080BD4AF21410C1F6FE708E
S1133B8000214AF2FC0C0160C1F6FE7CDCF8001056
S1133B904AF2980301EB8102C1F6FE7353F8220046
S1133BA003EB820230B900BFB9B152F8140D0139E8
S1133BB00028F9D05068436802F10800834253603A
S1133BC001D1D3685360D8684AF26802C1F6FE7224
S1133BD01060CCF80010106880BD4BF675404AF6B2
S1133BE0C5324CF2C443C0F20000C0F20002C0F27D
S1133BF0000341F2FA31FEF7F3FB10B58AB044F248
S1133C004940C4F24C500024069005A804A903AA14
S1133C108DF81C40CDE90444FCF722FFDDE90320C4
S1133C20DDF814C0CDE9004044F23560C0F2000074
S1133C3006A90023CDF808C0FFF7F4FC4AF23011BE
S1133C40C1F6FE71086060B300F00BFD012811D0CD
S1133C50013026D14BF675404CF28B024BF6FD0336
S1133C60C0F20000C0F20002C0F2000340F6A961F5
S1133C70FEF7B6FB4AF22C11C1F6FE714FF0FF328B
S1133C80012080F310880A604AF27001C1F6FE71C7
S1133C9008604AF29400C1F6FE7000210160FCF74E
S1133CA0B5FF4CF67000C0F2000000680AB010BD09
S1133CB0F0B581B04AF28805C1F6FE752868E0B116
S1133CC04AF274064AF28C07C1F6FE76C1F6FE7714
S1133CD0FCF7DDFFF068C468201DFFF738F838688A
S1133CE001383860286801382860FCF7FBFF20465B
S1133CF0FFF7C0FD28680028EAD101B0F0BDD4D494
S1133D002DE9F0474AF29000C1F6FE70006848B110
S1133D104AF23410C1F6FE700168013101600020DE
S1133D20BDE8F0874AF29400C1F6FE7001684AF2D9
S1133D302C1C4A1CC1F6FE7C026022D34AF23810C5
S1133D40C1F6FE7001680968002940F09F804AF2BC
S1133D503C13C1F6FE7301681F68076019604AF2DC
S1133D604011C1F6FE710B6801330B6001680968EC
S1133D7019B10068C068006801E04FF0FF30CCF86A
S1133D800000DCF80000824201D2002074E04AF214
S1133D90381AC1F6FE7ADAF800004FF0000900681C
S1133DA0002864D04AF2FC0E4AF298044AF26808E9
S1133DB0C1F6FE7EC1F6FE74C1F6FE78002000BF97
S1133DC0DAF80050ED68EE68374657F8045FAA4207
S1133DD050D3D6E9021375698B60B168596069687C
S1133DE0B94201D1F1686960C6F8149029680139B3
S1133DF02960B56A85B1D6E907138B60F16959600A
S1133E00696806F11803994201D1316A6960C6F8FC
S1133E102890296801392960F56ADEF800108D427E
S1133E2005EB850188BFCEF8005004EB8101496899
S1133E30B1608B68F3605F608F60F16A01EB8101B0
S1133E4004EB8103736154F82130013344F82130C9
S1133E50F16AD8F80030DB6ADAF80050994288BF7A
S1133E60012029680029ABD14FF0FF3502E04FF063
S1133E70FF350020CCF800504AF21411C1F6FE714F
S1133E800968002918BF0120BDE8F0874BF675408A
S1133E904BF616224AF64F33C0F20000C0F200027D
S1133EA0C0F2000341F25F21FEF79AFA4AF294004D
S1133EB0C1F6FE700068704710B570B10C464AF246
S1133EC06801C1F6FE7109681831FEF723FF204628
S1133ED00121BDE81040FFF7F7BC4BF675404BF6E7
S1133EE0ED724BF66603C0F20000C0F20002C0F2AD
S1133EF000034FF4A451FEF773FA10B560B30446FF
S1133F004AF29000C1F6FE700068A8B34AF2680E47
S1133F10C1F6FE7EDEF800C041F00041CCF8181076
S1133F206168DEF80000C1618868DEF8003018625C
S1133F30DEF8003018334360DEF800001830886083
S1133F40DEF80000012184622068431C10462360CF
S1133F50BDE81040FFF7B8BC4BF675404AF6F25284
S1133F604BF66603C0F20000C0F20002C0F2000388
S1133F7041F29E41FEF734FA4BF675404AF6F2528E
S1133F804CF24623C0F20000C0F20002C0F200036B
S1133F9041F2A241FEF724FA10B550B34AF2680C7C
S1133FA0C1F6FE7C0346D0F804E0DCF80000002AE9
S1133FB0C0F81CE0DEF80800DCF800402062DCF801
S1133FC0004004F118044460DCF8000000F118001B
S1133FD0CEF80800DCF800008362186818BF4FF0C0
S1133FE0FF31441C084611461C60BDE81040FFF731
S1133FF06BBC4BF675404BF2AC324BF66603C0F229
S11340000000C0F20002C0F2000341F2BE41FEF71C
S1134010E7F980B5C068C068002870D0D0E90713FC
S1134020826A8B60C1695960536800F118018B4240
S113403001D1036A5360002383621368013B136058
S11340404AF29002C1F6FE7212688AB14AF2181C52
S1134050C1F6FE7CDCE900E2C26193680362596048
S113406091600EF10101C0F828C0CCF8001034E0D2
S1134070D0E9021342698B60816859605368011D5D
S11340808B4201D1C36853600023436113684AF231
S1134090FC0C013B1360C1F6FE7CC26ADCF8003004
S11340A09A4288BFCCF800204AF2980C02EB8202B4
S11340B0C1F6FE7C0CEB8202526882609368C36096
S11340C059609160C16A01EB81010CEB810242618C
S11340D05CF8212001324CF821204AF26801C1F633
S11340E0FE71C06A0968C96A884291BF00204AF219
S11340F01411C1F6FE71012088BF086080BD4BF623
S113410075404BF2CC324BF20B03C0F20000C0F20C
S11341100002C0F2000341F2F541FEF761F980B5F7
S11341204AF29002C1F6FE721268002A5FD0C26899
S113413041F00041002A016069D0D0E901CE036951
S1134140CCF808E04168CEF804105968814201D1E6
S1134150816859604FF0000CC0F810C0186801382D
S11341601860D2E902015369816090684860596817
S1134170101D814201D1D1685960C2F814C0196878
S11341804AF2FC0C01391960C1F6FE7CD16ADCF8F4
S11341900030994288BFCCF800104AF2980C01EB29
S11341A08101C1F6FE7C0CEB8101496891608B684A
S11341B0D36058608860D06A00EB80000CEB80010B
S11341C051615CF8201001314CF820104AF268016A
S11341D0C1F6FE71D06A0968C96A884298BF80BD79
S11341E04AF21410C1F6FE700121016080BD4BF645
S11341F075404BF2E0024CF24623C0F20000C0F2DC
S11342000002C0F2000341F24351FEF7E9F84BF615
S113421075404BF2E0024BF20B03C0F20000C0F217
S11342200002C0F2000341F24E51FEF7D9F810B576
S113423090B10446FCF72BFD4AF24010C1F6FE7023
S1134240006820604AF29400C1F6FE700068606065
S1134250BDE81040FCF746BD4BF675404BF2B0622A
S11342604BF20213C0F20000C0F20002C0F20003DD
S113427041F28651FEF7B4F84AF24011C1F6FE71DC
S1134280096801604AF29401C1F6FE71096841604F
S1134290704770B568B30D46D9B30446FCF7F7FC14
S11342A04AF2940EC1F6FE7EDEF8003029684A1CFC
S11342B016D04AF2401CC1F6FE7CD4E90002DCF8B8
S11342C00060864201D093420CD29A1A914209D9D5
S11342D0881A2860DCF800002060DEF800006060C6
S11342E0002402E0002001242860FCF7FBFC2046A7
S11342F070BD4BF675404BF68B524BF20213C0F275
S11343000000C0F20002C0F2000341F2A551FEF722
S113431067F84BF675404BF68B524BF2DE53C0F206
S11343200000C0F20002C0F2000341F2A651FEF701
S113433057F84AF21410C1F6FE700121016070476B
S11343404AF26800C1F6FE70006870474AF27000D5
S1134350C1F6FE70006850B14AF29000C1F6FE70DA
S1134360006800284FF0000008BF022070470120B9
S113437070474AF26801C1F6FE71086880690A68EC
S1134380D26A0968C2F105028A61704770B50028D3
S113439044D14AF29000C1F6FE700C4601681546FD
S11343A001310160FCF773FC4AF26806C1F6FE763F
S11343B03068806DB0B1FCF795FCFFF7D7FAFCF7D5
S11343C066FC3068856D2DB131680020002C08BF73
S11343D0681E88653068002180F85C10FCF782FC58
S11343E0284670BD3068012180F85C10FCF77AFC27
S11343F0002DE2D028460121FFF766FAFFF7B6FA4E
S11344000028DCD14EF60450CEF200004FF080516B
S11344100160BFF34F8FBFF36F8FD0E74BF675404A
S11344204CF241524BF20C13C0F20000C0F20002F5
S1134430C0F2000341F6C751FDF7D2FFF0B581B0D9
S1134440002800F07D80002940F08A801746054648
S1134450FCF7AEFCEFF31180102181F311880222E6
S113446095F85C1085F85C20AA6D012902F101021F
S1134470AA6561D1A96A002940F082804AF29001BC
S1134480C1F6FE71096881B14AF21811C1F6FE71D4
S1134490D1E9002305F11806EB619C6801322C6216
S11344A066609E60A9620A6034E0D5E902136A6915
S11344B08B60A96859605368291D8B4201D1EB6850
S11344C0536000236B6113684AF2FC0C013B1360D8
S11344D0C1F6FE7CEA6ADCF800309A424AF298039C
S11344E088BFCCF8002002EB8202C1F6FE7303EB16
S11344F082025268AA609468EC6061609160E96A23
S113450001EB810103EB81026A6153F8212001323E
S113451043F821204AF26802C1F6FE72E96A126881
S1134520D26A914208D90FB1012139604AF21411BB
S1134530C1F6FE7101220A6080F3118801B0F0BD5A
S11345404BF675404BF672024BF62923C0F200007D
S1134550C0F20002C0F200034FF4FE51FDF740FF29
S11345604BF675404BF672024BF2E533C0F2000095
S1134570C0F20002C0F2000341F6C171FDF730FF42
S11345804BF675404BF672024CF27123C0F20000F8
S1134590C0F20002C0F2000341F6EA71FDF720FF09
S11345A02DE9F0470A9F8246089C386B984669B10A
S11345B007F13403002600BF8D5D9D551DB10F2EFC
S11345C006F10106F8D1002187F84310052C21D209
S11345D000EB8200043820F00706DDF82490381D33
S11345E0FC62FEF788FB07F11800FEF784FBC4F1B8
S11345F00500396BB8613046524643463F617F62DD
S1134600FCF7EEFAB9F1000F386018BFC9F8007072
S1134610BDE8F0874BF675404BF216424BF2FE13A1
S1134620C0F20000C0F20002C0F2000340F2647164
S1134630FDF7D6FE4AF298044EF60455C1F6FE7410
S1134640CEF200054FF08056FFF732FB20680228B7
S113465022BF2E60BFF34F8FBFF36F8FFCF79CFB1D
S1134660F2E780B586B000F03BF84AF26C10C1F670
S1134670FE70006820B30020CDE9040005A804A959
S113468003AAFCF7FAF9DDE903200321DDF814C0DD
S1134690CDE9001044F25D704CF2E311C0F2000069
S11346A0C0F200010023CDF808C0FEF7BBFF4AF2B8
S11346B07011C1F6FE71086010B1012006B080BD12
S11346C04AF6AD404CF2AF224BF2EC53C0F200007C
S11346D0C0F20002C0F200034FF4A371FDF780FEA4
S11346E070B582B0FCF7D3FA4AF26C16C1F6FE76C6
S11346F0306868BB4AF28014C1F6FE742046FEF7A7
S1134700EFFA4AF29415C1F6FE752846FEF7E8FA68
S11347104AF27410C1F6FE7004604AF27810C1F6D1
S1134720FE704AF2F0124AF2A81305600025C1F6A1
S1134730FE72C1F6FE730A200C210095FEF777FB8A
S1134740306028B14AF61161C0F20001FEF714FF8F
S113475002B0BDE87040FCF7C5BAD4D484B04AF2C4
S113476074184AF26C15C1F6FE7801ACC1F6FE75F8
S11347704FF0000BEA4600BFD8F80000D0F80090D4
S1134780B9F1000F02D0C068066800E00026FFF708
S113479093F8204600F0AAF8019919B1FFF7E6F85A
S11347A02EE000BF0746B9F1000F08D0BE4206D87C
S11347B0FFF7DCF83046394600F0C3F820E0B9F1E1
S11347C0000F01D0002208E04AF27810C1F6FE7012
S11347D000680068B0FA80F042092868F11BFEF70F
S11347E0FEFEFFF7C3F858B94EF60450CEF20000AF
S11347F04FF080510160BFF34F8FBFF36F8F00BF45
S11348002868CDE902BBCDF804B000BF21460022E0
S1134810FEF7CCFC0028AFD0019800284CD4039EAE
S1134820706910B1301DFEF792FA504600F05EF840
S11348300199013908293FD80746DFE801F0050549
S11348402C1C3F05052C1C0096F82400029BB16922
S113485040F0010086F82400194430463A4600F03E
S1134860A8F848B396F8240041071BD400F0FA00D6
S113487086F824001DE096F8240040F00101029817
S113488086F82410B06108B3C11930463A463B4655
S113489000F08FF810E096F8240000F0FE0086F88F
S11348A0240009E00298B1693A460144304600F018
S11348B069F8316A304688472868A7E796F82400E3
S11348C08107EAD43046FEF70BF8F5E74AF6AD4027
S11348D04CF251124CF27253C0F20000C0F20002CA
S11348E0C0F200034FF48261FDF77AFDF0B581B0A8
S11348F00446FFF7DBFA4AF27C16C1F6FE7631680D
S1134900054688420ED24AF27417C1F6FE7700BFFC
S11349103868016841B1C0684FF0FF31006800F0A9
S113492010F8F5E7002007E04AF27811C1F6FE71AD
S11349300A68086001203A6020602846356001B0AA
S1134940F0BD70B54AF27412C1F6FE7212680646E2
S1134950D2680D46D468201DFEF7F9F994F82400B6
S1134960410704D400F0FA0084F8240004E020464F
S113497031462A4600F006F8216A2046BDE8704018
S11349800847D4D470B50546806914460E460144E0
S1134990284600BF334600F00CF848B1A869296ADC
S11349A0064428468847A869224681192846F1E723
S11349B070BD8C46014641F804CF9445006108D986
S11349C04AF274109A42C1F6FE700AD29C4508D38A
S11349D00DE08069D21A824209D24AF27810C1F6F7
S11349E0FE7080B50068FEF795F9002080BD0120B7
S11349F07047D4D42DE9F04381B04AF29848C1F607
S1134A00FE78D8F8000008B1012036E04AF29C4252
S1134A10C1F6FE720A200A21FEF758FAC8F800000F
S1134A2070B34AF60C31C0F20001FEF7A5FD4AF25C
S1134A30E449C1F6FE794846FEF752F94AF268267F
S1134A400027C1F6FE760024351928466F62FEF76A
S1134A5052F948462946ED60FEF75CF93834B4F55E
S1134A600C7FF1D14AF2F841D8F80000C1F6FE718A
S1134A700A220A60002818BF012001B0BDE8F083B3
S1134A804BF6F5304BF6CE224CF2ED03C0F20000AB
S1134A90C0F20002C0F200037421FDF7A1FCF0B5DE
S1134AA081B04228064698BF422610F1020F38BF53
S1134AB0023616F0030207D0053A964201D90024C3
S1134AC00AE026F00302161D10F1030F4FF0000454
S1134AD098BF16F10B0F02D9204601B0F0BD16F1B4
S1134AE00A05F9D44AF29840C1F6FE70006800281D
S1134AF0F2D0FEF735FC0128E1D1FCF7C8F84AF200
S1134B00E447C1F6FE77F868C4682046FEF71FF94B
S1134B10FCF7E8F84AF2F841C1F6FE7138680A6811
S1134B20824288BF0860606A98B9002ED4D02846B3
S1134B30FDF7B6FD606240B10460606A00210A308E
S1134B40C4E90906C4E90B11C6E7204600F011F8D0
S1134B50B5E74BF6F5304BF637224BF20F23C0F294
S1134B600000C0F20002C0F200034FF4A371FDF78D
S1134B7037FC10B50446406A10B10A38FDF7B0FEA0
S1134B800020C4E90900FCF782F820694AF2E441F4
S1134B90C1F6FE71884214D04AF2E440C1F6FE70B8
S1134BA02146FEF7ABF8FCF79DF84AF29840C1F6AF
S1134BB0FE700068002100220023BDE81040FEF7CB
S1134BC0A5B9BDE81040FCF78DB82DE9F04387B0D6
S1134BD0466AF189B1F5807F40F08980318A0829DD
S1134BE040F08580B17C062940F08180F17C042965
S1134BF07DD14AF2FC44C1F6FE74D0F8309020789E
S1134C00F769D6F82680012806970DD14AF200509C
S1134C1040F23401C1F6FE70C1F6FE71FFF739FBB4
S1134C20012804BF00202070354615F8160FC00770
S1134C305DD138BAB0F1FE4F4FF0000058DAB9F147
S1134C40000F55D0D9F8000087421DD120780028E4
S1134C504DD1012020704846394600F084F8FFF712
S1134C6025F94AF20851C1F6FE7108604AF2005073
S1134C70C1F6FE70FFF7DBFA40F23400C1F6FE70B5
S1134C8042F21071016032E099F84010C9062ED545
S1134C90B18AB1F5007F25D0B1F5807F27D1804559
S1134CA029D109F1380840462946062204F048FA79
S1134CB0E8B1284639464A4600F03EF94FF4007000
S1134CC0B082A8882968B0843162C6F82670D8F802
S1134CD000002860B8F80400A880D9F80000F0614A
S1134CE0022005E0304649463A4600F0A5F9002086
S1134CF007B0BDE8F0834745F9D1D9F804107840EE
S1134D0001424FF00000F3D120364CF6B601ADF865
S1134D1014000490C0F200013046062204F010FA98
S1134D2030B104A93046062204F00AFA0028DED184
S1134D3009F138002946062204F002FA0028D6D0E8
S1134D400020019006A80DF10A0101AA00F03EF826
S1134D500128CCD101984845C9D1069928464A462C
S1134D6000F0EAF8C3E770B582B0054690F8400059
S1134D70400728D4286830B30E462A200021FFF7C4
S1134D808EFE00B3466105630446E86EE062204689
S1134D9000F034FA00F0A3FF40B1E86E98B1C368A4
S1134DA02146012202B0BDE87040184702208DF868
S1134DB0000068464FF0FF31019400F01AFB10B96F
S1134DC02046FFF7D6FE02B070BDD4D42DE9F041E1
S1134DD0002900F080800646002800F08C80904670
S1134DE0002A00F098800020C8F8000037680D46BB
S1134DF0384601F05FFB0446384601F0A1F950B192
S1134E00002C55D0A08FA880A06B2860C8F8004063
S1134E100120BDE8F081384601F08BF9A8B138468D
S1134E20294601F05FFA002001F01AFB00283FD068
S1134E30014600BF91F84000400719D5002001F059
S1134E401FFB01460028F5D132E0B7F17F4F12D3A2
S1134E504CF6B600C0F2000081880068A980286082
S1134E60384601F057FB0028D2D0C8F80000CFE73D
S1134E70C8F80010CCE7306801F04CFB18B1316879
S1134E80C8F8000006E0402001F01AFCC8F8000051
S1134E9070B1816861B14AF20C520020C1F6FE7211
S1134EA013588B4207D010306028F9D100200FE04E
S1134EB00220BDE8F0811044C27A42B10289AA807E
S1134EC042682A60C068C8F80000012000E002209F
S1134ED03160BDE8F0814AF6D9404CF297524BF666
S1134EE0C363C0F20000C0F20002C0F2000340F24B
S1134EF07A31FDF775FA4AF6D9404CF297524AF6E0
S1134F00A253C0F20000C0F20002C0F2000340F25B
S1134F107B31FDF765FA4AF6D9404CF297524CF2D0
S1134F201313C0F20000C0F20002C0F200034FF4F9
S1134F305F71FDF755FAD4D42DE9F04F83B00546DF
S1134F4008461446029101F0E5FA002870D04AF2AE
S1134F500C5B0094FF264FF0FF304FF00008C1F6C1
S1134F60FE7B00274FF0FF390024019085B10BEB45
S1134F70080A0AF104002946062204F0E1F85BF865
S1134F800810029A914209D10028A14649D00EE0A6
S1134F905BF808000299884213D000E078B10BEB6B
S1134FA00800807AF6B2B0423CBF2746064608F1B4
S1134FB01008B8F1600F04F10104D7D102E00194A4
S1134FC0F5E7A146019E002E0DD4B9F1000F0FD4D0
S1134FD00BEB09104FEA091100224BF80120C0E93C
S1134FE00122C26004E0B9F1000F58BF4F463E46AB
S1134FF0029930014BF800105DB1A8880BEB061143
S11350000881286848604FF4CB7048810098C860D4
S11350100EE0B9F1FF3F0BDC0BEB061005214181DB
S113502006E04FF4CB70AAF80A000098CAF80C0006
S113503003B0BDE8F08FD4D4B0B582B00B46D0F83D
S113504026101D681446A9420ED04AF20C520021C3
S1135050C1F6FE725558A54203D01031602908D01C
S1135060F8E71144C97A21B1163021461A46FFF7F0
S113507063FF4AF28865C1F6FE752868D8B100F06E
S1135080CFFC142817D12868416AD1F81A108C4231
S113509011D101218DF800100190684600210024EF
S11350A000F0A7F9012802D02868FFF762FD00206C
S11350B02C6000F093FD02B0B0BDD4D480B5416A39
S11350C0006B8A89082A02D0B2F5C16F1ED1D1F8CB
S11350D01A10D0E900234A401A4201D0002080BDB2
S11350E04AF20C5C0022C1F6FE7C00BF5CF8023080
S11350F08B4203D01032602A04D0F7E76244D27A9C
S1135100002AEBD1FFF72FFE012080BD4AF6D940DB
S11351104BF658224AF62953C0F20000C0F20002AE
S1135120C0F200034FF40371FDF75AF9D0B12DE931
S1135130F0414AF20C5780460D460026C1F6FE7730
S1135140B859A84206D1BC19201D4146062203F0D5
S1135150F7FF18B11036602EF2D101E09620A0724C
S1135160BDE8F0417047D4D4F0B581B04AF20C5593
S11351700024C1F6FE750026AF19B87A58B1F97A41
S1135180421EBA7209B1042802D8386800F02BF81C
S1135190B87A00B93C601036602EEDD1FEF786FE79
S11351A04AF20856C1F6FE763168044621B1601A07
S11351B044F62161884214D34BF2B020C1F6FE704C
S11351C0056800BF65B195F84000C10606D54007E3
S11351D004D4296811B12846FFF7C5FD2D6FF1E706
S11351E0346001B0F0BD10B5044601F093F920B16C
S11351F02146BDE81040FFF7B6BD10BDB0B518B3E9
S11352000446806A29282FD9206BE8B3656A4CF6D6
S11352107801C0F200012846262203F03DFF206BEE
S1135220816BC5F80610808F6881206B816BC5F88F
S11352301610808F6883206B0068E8616069C5F888
S113524026002A20A062B0BD4AF6D9404BF6E822D7
S11352504BF22B43C0F20000C0F20002C0F2000384
S113526040F25951FDF7BCF84AF6D9404BF6E82212
S11352704CF20303C0F20000C0F20002C0F20003CB
S113528040F25A51FDF7ACF84AF6D9404BF6E82201
S11352904BF2C563C0F20000C0F20002C0F200038A
S11352A040F25B51FDF79CF880B5A8B14AF20C5C62
S11352B04FF0000EC1F6FE7C002300BF0CEB03028E
S11352C0D1681033814204BFC2E900EEC2E902EEA4
S11352D0602B08BF80BDF1E74AF20C50C1F6FE70A6
S11352E0602103F0D5FE80BD80B54AF26C50C1F652
S11352F0FE704FF48E7103F0CBFE80BD70B5044692
S1135300806A29282AD9656A95F8220008284FF06E
S1135310000018BF70BDD5F81A10D5F81E2085F806
S11353202200C5F81E104021A8822883204605F1DA
S11353300E06C5F81A20A97500F072FB024600207B
S1135340314600F063FEC04300BA000C2883A16A12
S11353502846012200F084FD022070BD4BF2494032
S11353604AF6D5624CF2A953C0F20000C0F2000222
S1135370C0F200035821FDF733F84AF29460C1F6F5
S1135380FE700068704710B5044690F8400040F085
S1135390100084F840000020FBF76FF994F84000F7
S11353A0400748BF10BD42F21070BDE8104000F045
S11353B051BC10B582B00446007F002100F0FE000D
S11353C0207700208DF800006846019400F011F861
S11353D0217F012802D101F0FD0007E041F0020025
S11353E04AF29861C1F6FE7101220A60207702B088
S11353F010BD70B504464BF25820C1F6FE70027819
S113540020780D4672B1072810D10120012600F042
S11354104BFC4AF28C60C1F6FE700068FEF765F83A
S113542010B903E010B10026304670BD00F057FCFF
S1135430421E4AF28C60C1F6FE70006818BF2A460C
S113544021460023BDE87040FDF760BD2DE9F0431F
S113545083B04AF29C68C1F6FE7889460A9E0746E4
S1135460002041461C461546FBF7F7FD4AF2C4618D
S1135470C1F6FE7140463A464B46CDE900540296C9
S113548000F080FF03B0BDE8F04300F000B8B0B511
S113549084B000F0D9FF00284CD000F0A3FC4AF2FD
S11354A080724AF238730024C1F6FE72C1F6FE73AC
S11354B00F2008210094FDF7BAFC4AF28C65C1F66E
S11354C0FE75286098B34BF6A041C0F20001FEF7C8
S11354D053F8FFF78FFA012824D101F00DF94AF6A9
S11354E05800C1F6FE7003214AF2F875CDE90010A8
S11354F045F255504BF23921C1F6FE75C0F2000059
S1135500C0F200014FF4207200230295FEF78AF8DE
S113551004464AF29460C1F6FE700460002C18BF81
S1135520012404E02868FDF7FBFF00242C602046DA
S113553004B0B0BD4AF666704BF60F124BF64573D5
S1135540C0F20000C0F20002C0F2000340F2CF310A
S1135550FCF746FF8AB040F6B83000F090FB4BF2FF
S1135560B420C1F6FE70046824B12046FFF721FF81
S1135570646AF9E74FF47A7000F057FB00200025C5
S113558000F02CFBFFF7B0FE4BF258204AF28C6778
S11355904AF29869C1F6FE700121C1F6FE7708ACA3
S11355A04FF0FF08C1F6FE790DF1080A017000BF43
S11355B000F074FA00F046FA3968024608462146BB
S11355C0FDF7F4FD80B19DF820000B2860D8DFE8DA
S11355D000F0061A0E545F575F16285F315B099876
S11355E000F088FB54E000BF8DF8208050E009995A
S11355F0C86A00284CD0C3680122984748E00120BB
S113560000F052FB44E0099E002E41D0F06A20B124
S1135610306B10B1B06A0E285AD23046FFF7A9FA9F
S113562036E0099E304602F005FB88B3306840F04E
S113563004001DE0099E307AC0074FF018008DF871
S1135640080006D1B06A022100BA8DF8091004904E
S1135650B562308F514600BA000CADF80A003046EE
S113566018220023358701F0ADF9306840F01000AE
S11356703060304601F020FC0AE0FFF775FD07E0DA
S1135680099803F0F6FB03E0099801F08FFA00BFD4
S1135690D9F8000000283FF48BAFC9F8005000F09F
S11356A0D3FE00283FF484AF064600BF307F800756
S11356B006D5304600F01EFB307F00F0FD00307749
S11356C0304600F0C7FE064600283FF471AFEDE710
S11356D0D6F824B0BBF80C10082918D04DF6865221
S11356E0914214D0B1F5C16F97D12A2895D3304691
S11356F0FFF76BFA0246042A51D0032AC8D0022AC3
S11357007FF48BAF3046012100F01CF9C0E722285A
S1135710FFF483AF08297FF480AF9BF80E103C227E
S113572002EA81020E38904228BF142AFFF475AFB2
S11357309BF81700314601905846009200F008FD8E
S113574002469BF80E00716A012A01F8060CD2D1B8
S1135750BBF80C000121082809D10098152806D3AC
S1135760304600F09BFD014600283FF456AF019AF5
S1135770112A0CD1042912D0112A41D0062A36D07C
S1135780012A7FF44AAF3046FFF7B8FDB2E730464E
S1135790009100F0A4FFDDE9001201281AD1BBF842
S11357A00C00082808D04DF6865188423FF435AFE6
S11357B0B0F5C16F7FF431AF4AF28861C1F6FE7172
S11357C0086800287FF429AF4FF4FA600E6000F0F7
S11357D018FA5DE7BBF80C000828CBD1DBF81A10E7
S11357E00BF10600FFF7A2FCDDE90012C2E7304628
S11357F0009102F021F9009A01283FF449AF7AE7B9
S1135800706A4DF686518289C38C8A424FF02A0110
S11358101BBA029508BF3E21082A4FEA134C09D14E
S1135820038A6FF013021BBA02EB1343634501D2E0
S1135830002260E7B36A00228B4228BFBCF1080F44
S1135840FFF459AF5B1AACF10802934284BF1144D0
S1135850B162418C5246B186D0F81A107161818CC4
S1135860304603F00EFB012801D1032243E70298DE
S11358700022012808BF04223DE780B582B08DF8DC
S113588000000020019068460021FFF7B2FD02B03D
S113589080BD4BF25820C1F6FE700078704790B17D
S11358A010B50446808941BAB1F5C06F48D9B0F546
S11358B0C16F01D0082843D12046002100F00AFE20
S11358C018B1012010BD002070474CF6B600C0F29C
S11358D000002146062203F033FC0028F1D04CF6E8
S11358E09E00C0F200002146062203F029FC38B3D2
S11358F04CF6A400C0F200002146062203F020FC6E
S1135900F0B14CF6AA00C0F200002146062203F0D2
S113591017FCA8B14CF6B000C0F2000021460622E4
S113592003F00EFC60B12078012809D1607838B901
S1135930A0785E2804D194F90300B0F1FF3FC0DCE5
S1135940002010BD2DE9F04385B006460446476AA1
S113595056F8300F88460021029190B1B989D0F8E9
S11359606C90082918D1D7F81E000DF10E0502908D
S113597002A829463246FFF729FA012818BFBD1D9F
S11359800BE0B88908282DD1D7F81E0000F0C2FD1D
S113599000283060E2D125E0BD1DA888B8802868C1
S11359A038603068818F7981806BC7F8060000F019
S11359B096F9012806D1D9F80C30484621464246CA
S11359C098470FE0B8F1000F0FD002208DF80000C7
S11359D068464FF0FF310194FFF70BFD10B92046E4
S11359E0FFF7C7F805B0BDE8F0834AF666704CF2DD
S11359F0C5224BF62513C0F20000C0F20002C0F22B
S1135A00000340F62911FCF7EBFC10B50446002016
S1135A1000F026FD18B1A18881872168816310BD3B
S1135A20406A4DF68651808988424FF0140008BFC1
S1135A302820704720B1007AC0071CBF2820704777
S1135A40142070474BF25C20C1F6FE700278C068E7
S1135A5042F21071884238BF0146D0074BF2B020A1
S1135A60C1F6FE70006808BF42F2107148B190F8A8
S1135A704820D20703D0426D8A4238BF1146006FD6
S1135A80F4E74BF27022C1F6FE72D06812788842B5
S1135A9028BF0846D20708BF08467047B0B54BF286
S1135AA05C20C1F6FE7000F071F810B10320FFF71E
S1135AB0E4FE4BF28424C1F6FE74204600F066F83E
S1135AC068B14AF28865C1F6FE75286838B1217854
S1135AD001F0FE012170FFF74CF8002028604BF222
S1135AE0B020C1F6FE7004682CB104F1480000F047
S1135AF04DF8246FF8E74AF28C60C1F6FE70006836
S1135B00FDF7F3FC4BF27024C1F6FE740546204603
S1135B1000F03CF805B190B1B5FA85F0400901F008
S1135B2069FC0546201DFEF782FB2078012100F068
S1135B30FC00E560002D08BF03210844207000200C
S1135B4001F00CFE002001F018FE4BF29825C1F67E
S1135B50FE75286800B1B0BD4BF29C20C1F6FE7002
S1135B6000F014F80028F6D04BF2B420C1F6FE7011
S1135B700468012044B1217FC90703D12046FFF7FF
S1135B8018FC0020646AF5E72860B0BD70B50178A0
S1135B900446C8070FD0880704F1040509D404F1AA
S1135BA00C012846FEF775FB217810B141F0020183
S1135BB02170880701D4002070BD26692846FEF7AD
S1135BC036FB2078012200F0FC01E660002E4FF045
S1135BD0010008BF03221144217070BD4BF28421DF
S1135BE0C1F6FE710A78002818BF012002F0FE02F7
S1135BF01044087070474BF29821C1F6FE7108609A
S1135C007047B0B54BF28425C1F6FE750446281DD5
S1135C10FEF70DFB2878012100F0FC00EC60002C5D
S1135C2008BF032108442870B0BDB0B54BF27025FD
S1135C30C1F6FE7504462861281DFEF7F8FA287897
S1135C40012100F0FC00EC60002C08BF0321084493
S1135C502870B0BDB0B54BF25C25C1F6FE750446A4
S1135C602861281DFEF7E3FA2878012100F0FC00E2
S1135C70EC60002C08BF032108442870B0BDB0B507
S1135C804BF29C25C1F6FE7504462861281DFEF7DB
S1135C90CEFA2878012100F0FC00EC60002C08BF4B
S1135CA0032108442870B0BD4BF27021C1F6FE7187
S1135CB00A78002802F0FC0342F0030208BF5A1CD1
S1135CC00A7070474BF25C21C1F6FE710A78002815
S1135CD018BF012002F0FE0210440870704710B58E
S1135CE0FEF72EFB0446FFF748FB201AB0FA80F0BB
S1135CF0400910BDF0B581B0002853D00746806834
S1135D0000285FD00020FFF7DDFF384600F0A8FB35
S1135D10D8B1054695F8400000F0EF01020785F878
S1135D20401005D400F0E700083085F8400002E098
S1135D300120FAF7A2FC2846FFF7B6FA38462946AE
S1135D4000F09EFB05460028E4D1B9683846884730
S1135D50012821D1387F40F001003877384600F01F
S1135D607FFBB8B1054600BF95F84000400707D453
S1135D7005F11C001CC829461CC190E85C005CC1EC
S1135D802846FFF700FB3846294600F079FB054614
S1135D900028E9D101B0F0BD002001B0BDE8F04019
S1135DA0FFF729BF4BF674704CF2BA024BF2F4536E
S1135DB0C0F20000C0F20002C0F2000340F237312A
S1135DC0FCF70EFB4BF674704CF2BA024AF61663FB
S1135DD0C0F20000C0F20002C0F200034FF44E71A2
S1135DE0FCF7FEFA80B5FFF754FD48B94AF28C601F
S1135DF0C1F6FE70006898B9FFF7BFFA00BB80BD1A
S1135E004BF674704AF6E7624BF22213C0F20000BC
S1135E10C0F20002C0F2000340F2E731FCF7E0FAFE
S1135E204BF674704AF6E7624BF2A923C0F2000005
S1135E30C0F20002C0F200034FF47A71FCF7D0FA0A
S1135E404BF674704AF6E7624BF25213C0F200004C
S1135E50C0F20002C0F2000340F2E931FCF7C0FADC
S1135E60F0B587B00E46044668461C21154603F07B
S1135E700FF9A089082804D04DF68651884240F0D5
S1135E80B5800828049466D16A462046314600F05D
S1135E9035FA10B1BDF80C005FE09DF80E104A1EF3
S1135EA0022A0FD3062918D0112926D1BDF81A00C9
S1135EB0082850D30198163086424CD3082002900B
S1135EC065B330E0BDF81A00082844D301981630B1
S1135ED0864240D30820029015E0BDF81A00142829
S1135EE039D301982230864235D30598007B502857
S1135EF031D33C2303EA9000EDE73A2944F2213000
S1135F002BD1009B4BB33DB1022A14D311290AD0E3
S1135F1006290AD110200FE0112902D10598C08862
S1135F2060B301250BE0062006E03A294FF0000596
S1135F3005D1009818B10220059900250D52BDF82D
S1135F401A20BDF80800904205D8019840F2DC51AF
S1135F50091A914203D241F2342007B0F0BD9DF8F2
S1135F600E60771E012F04D8204400F10E0100209A
S1135F700FE0009820B1BDF80C000DE00020ECE724
S1135F80049902F108039019ADF80C001A3180B29B
S1135F901A4600F03BF8C04301044FF000010246EA
S1135FA004BF4FF0FF314FF0FF32112E18BF0246ED
S1135FB0002D18BF0A4610BA4FEA104101D0084616
S1135FC0CBE7022F4FF6FF700CD3112E03D0062E11
S1135FD003D1102207E0062205E03A2EBDD1009A33
S1135FE0002ABAD00222059B9952B6E74BF6747088
S1135FF04AF6B5724BF29A43C0F20000C0F20002B6
S1136000C0F2000340F24E41FCF7EAF92DE9F047F3
S113601011F0010701F0030308BF40BA4FF0000C70
S11360203AB137B18E461EF8017B013A4FEA072C8C
S113603000E08E46013B012B4FF0000306D8022AF4
S113604004D33EF8023B023A1844030C0C2A4FF0E6
S1136050000A23D322F00305B5F10C081ED04FF03B
S1136060000900265EF806700EEB0605C0EA034040
S1136070C019D5E9017449F10003ED68C01943EB77
S11360800A03001949F10004401906F1100643EB14
S1136090040AB0454FEA1043E4D8B64413FA80F03A
S11360A012F00E03504408D0002400BF3EF8045000
S11360B002349C422844F9D3A644D20714BF9EF864
S11360C00020002242EA0C021044020C12FA80F072
S11360D000EB104002BAC90708BF100C80B2BDE83B
S11360E0F0878842A8BF08467047884228BF084600
S11360F07047884228BF0846704729B108440138D0
S1136100B0FBF1F04843704780B54BF674704CF225
S1136110DA224CF2EC23C0F20000C0F20002C0F21A
S1136120000340F20371FCF75BF9008800BA000C2D
S1136130704700F0F000E038B0FA80F04009704792
S113614000BAB0F1FE4F4FF00000A8BF0120704725
S1136150F0B581B00446808A6FF0C002104204D1C9
S1136160A07B503810F10B0F02D2002001B0F0BD1B
S1136170D4F81E60D4F81A7030BA0D46B0F1FE4F50
S113618039BAB8BFB1F1FE4F2CDBB1F1FE4F4FF07D
S11361900001B8BF0121B0F1FE4F4FF00000A8BFCD
S11361A0012048404FF00000E0D0A86A2228DCD348
S11361B06B6A997BA1F15002D2B2F52AD5D38A0039
S11361C00E2757FA82F18842CFD3198A09BA07EB0E
S11361D01147B842C9D3DB7D112B39D0062B33D1FB
S11361E0222336E0304600F065F960B9300EFE280F
S11361F009D806F0F000E0284FF00000B6D1390EBF
S1136200FE29B3D802E0380EFE28AED84CF6B6000C
S1136210C0F200002146062202F092FF10B9B6F146
S11362207F4FA2D34CF6B600A11DC0F20000062297
S113623002F086FF00284FF0000097D007F0F0012D
S1136240E0293FF493AFB0E7013B012B3FF68DAF5C
S11362501623D2B2134498424FF00000FFF486AFE5
S1136260090C891A40F2DC5708294FF00003A7EB08
S1136270020238BF012391424FF0000188BF01217F
S113628019437FF473AFE07D112805D1686A008D4E
S1136290002818BF012069E7012067E770B5D0E93D
S11362A009520446A87B3C2101EA800000F10E0358
S11362B0A0F11406E91805F12200D21A02F0F5FE45
S11362C0A06A801BA062288A00BAC6EB10400102B3
S11362D041EA1020A97B288201F0F000411D012031
S11362E0A97370BD012200BA0A805E228A70C0F3CD
S11362F00642CA70020A0A7148717047B0B5002399
S1136300D2F810C01360BCF810309CF80E4093FA19
S113631083FE3C2303EA8404B4EB1E4F546004D987
S113632041F2342090810320B0BD212904D841F2E8
S1136330342090810420B0BD04F10E03994204D2AC
S113634041F2342090810520B0BDBCF810300E25F8
S11363501BBA4FEA134E05EB13439942A2F818E017
S113636004D241F2342090810620B0BD20440E3086
S11363709CF817105061AEEB040050830020917319
S1136380B0BDD4D4002849D02DE9F04F81B00C46DB
S1136390002940D00546DDF83080DDE90AA9266FE2
S11363A0204670211F46934602F072FE2667386825
S11363B0DBF800C06060DAF800206CEA0000A2603C
S11363C0D9F800206061E2602246C8CA04F11C00CA
S11363D0C8C092E8CA00CAC0C4F81CC0D8F80000FB
S11363E0A063B8F80400E566A087286A00B92C62A7
S11363F04BF2B020C1F6FE70016849B1A1420AD047
S11364000846096F0029F9D100212167046702E0D9
S113641000212167046001B0BDE8F04F7047D4D477
S113642088B14BF2B422C1F6FE72116841B100BFCB
S1136430814208D00A46496A0029F9D1506200E035
S113644010600021416270474BF2B420C1F6FE7027
S113645000687047002814BF406A00207047D4D4F5
S113646001464BF2B020C1F6FE70006839B130B17C
S1136470C26E8A4203D0006F0028F9D10020704711
S113648039B100BF096F90B189B1CA6E8242F9D1A6
S11364900DE04BF2B021C1F6FE71096838B131B19B
S11364A0CA6E824203D0096F0029F9D1002108463F
S11364B07047D4D401464BF2B020C1F6FE70006898
S11364C039B130B102688A4203D0006F0028F9D193
S11364D00020704770B5054600284FF0000016D024
S11364E00C464BF2B021C1F6FE710E687EB100BFBE
S11364F014B1F06E844206D106F138002946062212
S113650002F01EFE20B1366F002EF1D1002070BDC6
S1136510304670BD4BF2B021C1F6FE71D1F800C017
S1136520BCF1000F12D080B500F1010E624600BF2D
S1136530BEF1000F0ED0D2E900134140194208D039
S1136540126F002AF4D14FF0000C03E04FF0000C5E
S113655002E09446BDE88040604670472DE9F04F64
S113656089B04BF2B022C1F6FE72054617680020CE
S113657000930890CDE90600CDE90400CDE90200BE
S1136580019045B13FB100BFF86EA84204D03F6FFF
S1136590002FF9D13AE0CFB34DF68650081ADDF852
S11365A04890B0FA80F04FF0000B46094FF0010A12
S11365B000244FF0000800BF07F1380049460622C6
S11365C002F0BEFD97F8401001F004018AEA91013F
S11365D08E4213D00134009A0897049439681268E3
S11365E0914202BF059708F10108CDF8048028B94B
S11365F00BF1010BCDF80CB0079700BF3F6F1DB135
S113660017B1F86EA842F9D1002FD5D1002001A905
S113661051F82020012A04DA01300428F8D100209E
S113662002E005A951F8200009B0BDE8F08F80B55B
S113663086B029B30A4601F00301022930D19189B9
S1136640002308290593CDE9033302930BD0B1F558
S1136650C16F12D1938AB3F5807F06D0B3F5007F62
S113666006D11C2302E01E2300E02623D358029304
S113667002AB0092FFF772FF0346184606B080BDD6
S11366804BF6DE604CF2F4224CF2FA53C0F20000F6
S1136690C0F20002C0F2000340F25D31FBF7A0FE3D
S11366A04BF6DE604CF2F4224CF21A63C0F20000A6
S11366B0C0F20002C0F200034FF45A71FBF790FEDF
S11366C04BF2B020C1F6FE70006800BF28B18168AB
S11366D0002918BF7047006FF8E70020704710B515
S11366E00446FFF79DF914281CBF002010BD204666
S11366F0BDE81040FEF7E2BC80B54BF2B820C1F60D
S1136700FE70FCF7EDFA4BF2CC20C1F6FE70BDE84A
S11367108040FCF7E5BAF0B581B0054640F00800CA
S11367200A2840F0A0800027012908BF0627022973
S113673008BF11270C46002A18BF1746FFF7A9F80F
S1136740E0B3022D5FD14BF2B820C1F6FE70806831
S1136750013068D14BF2CC20C1F6FE708068013064
S113676071D1062F07D0112F40F08D80022C40F0FC
S11367709A805C2504E0012C40F0A5804FF4B075AC
S11367802846FBF78DFFC8B10446FCF74AF990B1DF
S113679006462046294602F07BFC207A062F00F0AC
S11367A0FE00666020720CD0112F1BD104F148004A
S11367B0FCF796FA16E02046FCF792F84FF0FF3407
S11367C01EE040F2B450A4F8660040F6B83040F23F
S11367D0B451C4F88800FFF790FCC4F88C00012081
S11367E0C4E93E0004F10C00FCF785FA42F2107093
S11367F0C4E908000220A46184F83A0084F83B70DC
S1136800204601B0F0BD4AF6D8304BF63A124CF2AD
S1136810D243C0F20000C0F20002C0F200034FF401
S1136820F171FBF7DDFD4AF6D8304BF63A124BF620
S1136830A053C0F20000C0F20002C0F2000340F214
S1136840F911FBF7CDFD4AF6D8304BF63A124BF26C
S11368504123C0F20000C0F20002C0F2000340F283
S1136860FD11FBF7BDFD4AF6D8304BF21A024BF28C
S1136870EF63C0F20000C0F20002C0F2000340F275
S11368807121FBF7ADFD4AF6D8304BF63A124AF6C1
S1136890BD53C0F20000C0F20002C0F200034FF486
S11368A00771FBF79DFD4AF6D8304BF63A124AF6CB
S11368B0BD53C0F20000C0F20002C0F2000340F277
S11368C00621FBF78DFD4AF6D8304BF63A124AF60C
S11368D0BD53C0F20000C0F20002C0F2000340F257
S11368E01321FBF77DFD2DE9F04186B00D460446EA
S11368F04E1C01F1080701F1020891B1307840F013
S113690008000A280DD0B8F800003968ADF80C006A
S113691002200DF10C0802AF0DF10F0602918DF863
S11369200F00FFF7DCF9E8BB601C022801D3E06923
S113693028B16FF01505284606B0BDE8F0810A209D
S11369408DF8100005947DB13078022806D138689E
S1136950217A00BAA06201F0FE002072B8F80000AB
S113696000BA000C208704E004F12800122102F090
S11369708FFB04A84FF0FF314FF0FF35FEF739FDD0
S113698068B1606810210122002300950025FCF7FE
S1136990B5F8E069002808BF6FF01505CBE76FF084
S11369A08B05C8E74AF6D8304CF22D124CF26C1322
S11369B0C0F20000C0F20002C0F2000340F2A16184
S11369C0FBF70EFD2DE9F04F85B004460130012898
S11369D040F2B38094F83B604BF2B827C1F6FE77DF
S11369E04BF2CC25062EBA468946C1F6FE7508BF81
S11369F0AA46002900F0B180B9F80280B8F1000F6E
S1136A0056D10020049040F20040CDE900345446B1
S1136A1007F1080ACFF6FF700396062E08BF05F1AA
S1136A20080A4FF47C4504AE07F10C0107460291B5
S1136A303046FAF714FB30B3049881B2B1F57C4FB9
S1136A4028BF17FA80F101F58060010201EB102BD9
S1136A501FFA8BF8FEF71DFFC8B103984BF2CC2147
S1136A6006280298C1F6FE7108BF01F10C00006807
S1136A7050450CD00168414502D04068F8E700BF9A
S1136A80013D2804D4D10020A9F802004FE04BF2C4
S1136A90CC25A2464BF2B827039EDDE90034B8F1B9
S1136AA0000FC1F6FE75C1F6FE77A9F802B03ED01C
S1136AB01BB194F83B00062815D0FEF7EAFE90B10E
S1136AC007F10C01062E08BF05F10C01096807F156
S1136AD0080008BF05F10800814204D00A68424555
S1136AE028D04968F8E7B9F80200274647F80C0FA0
S1136AF0B9F8020000BA000CB885D9F8080018B13A
S1136B00FFF7D8FC206400E0206C18B1006800BADC
S1136B10A06204E00020C4E90A00C4E90C00504665
S1136B203946FCF7EBF8002005B0BDE8F08F6FF0B4
S1136B307C00F9E76FF06F00F6E74AF6D8304BF6C1
S1136B4002324CF23903C0F20000C0F20002C0F27B
S1136B50000340F26F71FBF743FC4AF6D8304BF662
S1136B6002324CF2D503C0F20000C0F20002C0F2BF
S1136B70000340F29B71FBF733FC80B582B00B211C
S1136B808DF80010411C0229019001D200200AE076
S1136B9068464FF0FF31FEF72CFC00284FF001004F
S1136BA008BF4FF0FF3002B080BDD4D4F0B581B03F
S1136BB0044690F83B0006283CD1D4F8900008B174
S1136BC0FBF78EFED4F8940008B1FBF789FE4BF274
S1136BD0CC2094F86D10C1F6FE70258FC66801298B
S1136BE015D100F1080700BFBE4223D0F0687668D3
S1136BF090F86D100129F7D0018FA942F4D190F8D3
S1136C005C1011F0060FEFD0FFF7D0FFECE708306F
S1136C1086420FD0F16891F86D20012A05D10A8FC0
S1136C20AA4202D1B1F868200AB97668F0E7501E8A
S1136C30A1F86800E06918B104F10C00FCF787F8CA
S1136C4094F83B0011280AD1A06C40B1606DC5686E
S1136C502846FCF77CF82846FDF78BFFF4E76068CC
S1136C6008B1FBF7FFFF2046FBF73AFE002001B016
S1136C70F0BDD4D4B0B504460130022802D26FF07E
S1136C801500B0BD122A6FF06C0088BFB0BD0FF2C2
S1136C9008011D46DFE802F081843CD30A0AD3D3FD
S1136CA0D3D3D31E4755AF91D31C2A0094F83B008D
S1136CB00628E4D1042A40F0B980D4F894000028CE
S1136CC0DDD12868B4F86610FFF717FA8C21B4E018
S1136CD0E563B3E094F83B000628D0D1E06D296861
S1136CE020F00800002918BF083028E094F83B0081
S1136CF00628C4D1D5E900018842C0D2D4F888203E
S1136D009142BCD8C4F880006868C4F8840095E057
S1136D1094F83A00002D0CBF00F0FD0040F0020092
S1136D2084F83A008AE094F83B0006287FF4A7AF81
S1136D30E06D296820F01000002918BF1030E065CC
S1136D407CE094F83B0006287FF499AFD4F89400D3
S1136D5000287FF494AF2868B4F86610FFF7CDF9E3
S1136D6094F83B10C4F88C0006297FF488AFD4F85B
S1136D70900000287FF483AFA86894F80011C4F849
S1136D8088000120C907C4F8F800C4F8FC0055D0F5
S1136D90B4F86600C4E9410050E0286820624DE080
S1136DA0286894F83B1043F69822904238BF024674
S1136DB0112918BF0246626240E094F83B0006289D
S1136DC07FF45DAF2868E16D4FF6FF62002840F262
S1136DD00010CFF6FD72C0F2020001EA020108BF02
S1136DE04FF480700844E0650120A4F86400072093
S1136DF0FEF743FD22E094F83B0006287FF43FAF02
S1136E00286894F8001194F86D2001F0FD01002821
S1136E1018BF0231052A84F800110FD3D4F8940066
S1136E2060B100F0B0FB0028DED107E0D4F8900098
S1136E3000287FF424AF2868882160500020B0BD6A
S1136E4010B50446FEF725FD00284FF0000013D0CE
S1136E504BF2B822C1F6FE72D1680832914208BFE3
S1136E6010BD00BF0868A04204D049689142F9D11E
S1136E70002010BDC86800B110BD4AF6D8304BF6EA
S1136E8090024BF60E33C0F20000C0F20002C0F2D2
S1136E90000340F61941FBF7A3FA027AD20709D19D
S1136EA04FF406720A80826A12BA8A60008F00BAAE
S1136EB0000C48801820704710B5C16B044609B116
S1136EC020468847606818B1216809B1FBF7B8FD0E
S1136ED00020206010BDD4D42DE9F04786B00446CC
S1136EE00130022805D24FF0FF37384606B0BDE81E
S1136EF0F087E0690028F6D094F83B000628F2D128
S1136F0094F85C0092468846000703D494F86D0018
S1136F100128E8D1012603AD0DF11409FCF7CCFCDE
S1136F20E06D2746010702D4276F17B1F86D81077A
S1136F301AD4FCF71BFDF00705D0206A059088B130
S1136F402846FDF774F928464946FDF7A2F948B9E1
S1136F500599606800910421012200230026FBF7B3
S1136F60CDFDDBE70027C0E7216F11B100202067CA
S1136F70F86D20F00200F865FCF7F8FCBAF1000F98
S1136F801CBF1820CAF80000B8F1000F10D0387ADE
S1136F9010F001000CD1022088F80100B86C00BA8E
S1136FA0C8F80800B7F8580000BA000CA8F80200A6
S1136FB094F85C00000798D408208DF8040001A818
S1136FC04FF0FF310294FEF714FA8EE72DE9F04FEB
S1136FD085B004460130022805D26FF01505284615
S1136FE005B0BDE8F08FE0690028F6D094F83B00C6
S1136FF00628F2D11F4690460E4611B917F001003B
S1137000EBD1D4F8900018B100F0BDFA0546C8BB26
S11370104FEAC76B0DF108090DF1100A012000BFFA
S113702094F86D10092906D8012202FA01F140F200
S1137030013211424ED1C0070BD0206ABBF1000FC0
S11370404FF000050490CAD40028C8D04846FDF784
S1137050EEF848465146FDF71CF900284AD1049938
S1137060606800916121012200230025FBF746FDA1
S1137070D4F8900010B100F086FA0546002D4FF0C8
S11370800000CDD0012DAADBF8072CD1D4F8900054
S1137090C7F38007002132464346009700F014FBF3
S11370A094F85C100546090699D5D4F8900000F0D0
S11370B061FAD4F884108842FFF491AFE06D0221A4
S11370C061F3C810E0650120A4F864000720FEF70E
S11370D0D4FB84E794F85E006FF00B05400758BFBB
S11370E06FF07F057BE7D4F89000314600F078FA22
S11370F0054674E7002572E7F0B581B00D460446F5
S113710081B3D4F88800B4F86630502198424FF027
S113711014020CD3B0FBF3F3042B08D84CF604018F
S1137120C0F2000101EBC30151F8082C6421D4F82A
S113713080304BB948F21F534243C5F2EB13A2FB14
S113714003235A09C4F88020D4F8842062B948F291
S11371501F524143C5F2EB12A1FB02125109C4F8BC
S1137160841001E0D4F88C0020F0030707F1180024
S1137170FBF796FA064668B1381D0021C6E90011EE
S1137180C6E90211002D30610CBFC4F89460C4F844
S1137190906007E0E06D082140F48020E06520461F
S11371A000F052FB304601B0F0BDD4D42DE9F04FCD
S11371B085B08A4611461E469046044600F083F880
S11371C001287BDBD4F8940000F0CBF9B8F1000F70
S11371D06BDD0025F10657464FF00109C3460191C6
S11371E0012834DB94F85C1058455E4638BF0646E7
S11371F0C90613D5834511D8FCF75EFBE16DD4F8BD
S1137200940041F04001E16500213A46334600F024
S1137210FEF90646FCF7AAFB08E000BFD4F8940088
S113722000213A46334600F0F2F906460120A4F85C
S11372306400FEF754FD10B90720FEF71EFBBAF1F7
S1137240000F354418BFBBEB060B2DD037445FEA63
S1137250C9700DD0606A0490FEF741FD20BB01980F
S1137260002821D40498F8B102A8FCF7E0FF04E058
S113727002A804A9FDF70DF8B0B96068049E2221A4
S1137280012200230096FBF739FC2046414600F01A
S11372901AF8002808D4D4F8940000F062F9BBF17D
S11372A0000F4FF000099BDC4DB994F86D006FF0AE
S11372B01B05052888BF6FF07F0500E005462846BA
S11372C005B0BDE8F08FB0B504460130022803D202
S11372D06FF015052846B0BDE0690028F8D094F891
S11372E03B000628F4D1E06D42030DD494F86D20E0
S11372F0092A0CD8012303FA02F240F201331A429C
S113730005D06FF07F05E5E76FF00B05E2E7002994
S11373104FF00005DED010F40050DBD1D4F8940017
S113732001250028D6D120460021FFF7E5FED4F838
S11373309400002808BF6FF00B05CBE710B5044696
S11373400130022802D26FF05E0010BDE06900280F
S1137350F9D094F83B000628F5D194F86D0010F0AC
S1137360F70FF0D14FF6FF70FEF7BBFE94F85C10F8
S1137370A4F86A00090715D5D4F8900008B100F004
S113738012F9D4F8940008B100F00DF904F19A0050
S1137390562101F07DFE04F58070602101F078FE35
S11373A00820E0652046012100F04EFA002010BDBF
S11373B0411C022902D26FF05E007047C1690029A6
S11373C0F9D090F83B100629F5D190F86D100529F5
S11373D01CBF6FF07F00704780B5C16D41F0200184
S11373E0C1650121A0F864100720FEF746FA0020C9
S11373F080BDD4D42DE9F0478046FCF757FD4BF20D
S1137400E021C1F6FE710A684FF47A75B0EB020907
S11374104BF2CC22C1F6FE72D76802F1080408BF11
S11374204FF00109A74208602ED04FF0000A00BFB8
S1137430FE687F68B6F8640040B1814509D33046E0
S1137440A6F864A000F0AAF9002806D5A742EFD157
S11374501AE0A0EB0900A6F86400306800284FF099
S113746000000CBF2846B8F1000F03D03046FFF7E8
S113747023FD2846B6F864100D46884238BF0546F9
S1137480002908BF0546E1E72846BDE8F087D4D4C3
S113749070B54BF2CC20C1F6FE70C36800F1080C45
S11374A063451DD0DDE906E089B284B2002000BF47
S11374B0DD682E8F8E420FD195F86D60012E01D1BB
S11374C0284609E0B5F85860A64208BFBEF1000F8F
S11374D002D1AE6C964205D05B686345E8D100E00A
S11374E000200025002D18BF284670BDF0B581B0DE
S11374F00446D0F890001D4617460E4620B9204693
S11375000121FFF7F9FD08B331463A462B4600F056
S11375107EF80546E6B994F85C00000611D4D4F868
S1137520900000F027F8D4F88010884209D8E06D64
S113753040F4C070E0650120A4F864000720FEF761
S11375409CF9206840F00100206001E04FF0FF3515
S1137550284601B0F0BD0069511A401838BF0846EA
S11375607047816802690068C9430144881838BFBC
S113757008467047C16802690068C9430144881815
S113758038BF08467047016802698068411A881844
S113759038BF08467047416802698068411A8818F4
S11375A038BF08467047002181600160C1604160B6
S11375B0704780B5D0F804C0D0F810E08268A2EB20
S11375C00C0212EB0E0338BF13464268994238BFCF
S11375D00B469918B1EB0E0238BF0A46426080BDD3
S11375E0B0B50568D0F810C04419D0F800E082683E
S11375F014340C60A2EB0E03006913EB0C0238BFC9
S11376001A46411B1046BDE8B040FEF772BD2DE995
S1137610F04F81B00446806891468A462169226809
S1137620C0431044091838BF0146B1EB0A0019469B
S113763038BF0020FEF75DFD0546002840D0A16854
S1137640D4F810B001EB0A00B0EB0B08009138BF7E
S11376508046B9F1000F1BD046460098BAF1000FDE
S113766008BF0646ABEB06002946FEF742FD074677
S113767004F1140188190E4649463A4601F00CFDFE
S1137680BD4205D909EB0701EA1B304601F004FDB0
S1137690F9F7FDFABAF1000F07D100982844B0EBCE
S11376A00B0838BF8046C4F80880E0682168401A97
S11376B0A8EB0101884298BFC4F80C80F9F712FBCB
S11376C0284601B0BDE8F08F2DE9F04F81B00446A3
S11376D0914600682269A7680D46381A811838BF98
S11376E00146481B194638BF0020FEF702FD064636
S11376F080B32068D4F810A04119B1EB0A0B0A9AA0
S113770038BF8B46002D08BF8346B9F1000F17D050
S1137710AAEB0B003146FEF7ECFC074604F1140813
S113772008EB0B0148463A4601F0B6FC0A9ABE4201
S113773006D909EB0700F21B414601F0ADFC0A9A99
S113774052EA050006D10BEB0600B0EB0A0138BF84
S113775001462160304601B0BDE8F08FB0B54BF270
S1137760E425C1F6FE752968044621B1A14202D080
S11377700846FFF71BFA2C60B0BDB0B54BF2E82504
S1137780C1F6FE752A68044632B1A24204D0B2F8AA
S11377906A101046FFF7D2FD2C60B0BD10B5044648
S11377A090F86D00052807D3D4F8940040B1204622
S11377B001F09AF894F86D00042801D8022802D147
S11377C0204600F048FE204600F005F82046BDE8BB
S11377D0104000F037BB10B582B0044690F86D003D
S11377E044F620610228019106D194F85D00000757
S11377F017D44FF4FA7022E0B4F8640008BBD4F84C
S1137800F41004F5807001AA01F0FBFA0199002834
S11378104FF0010008BF44F62060002918BF084655
S11378200DE094F86C00022807D800280EBF012050
S113783040F2DC5101FA00F001E042F6F820A4F82D
S1137840640080B202B010BD2DE9F04790F86DA03D
S11378500446BAF108004FF0000218BF0120BAF143
S1137860040F88BF012210400AF0FE02AAF10403AB
S1137870023AB3FA83F3B2FA82F20E465B09520972
S11378801A43A6F10803B3FA83F300215B091A40F3
S1137890052E38BF0121104319438142A1461CD152
S11378A0E06DA14600F00C01042905D1D4F87090D4
S11378B0B9F1000F00F0B080052E80F08080D9F877
S11378C0000040F02000C9F8000094F86D0000F0BA
S11378D0AFFA10B90020A4F8640016F0F70F84F88A
S11378E06D603BD1A14503D1206F002818BF8146AC
S11378F0FBF7E2FFE06D10F0060F2DD010F0080149
S11379002AD14BF2CC21C1F6FE71CA68083100BFFE
S11379108A420DD0D3685268A342F9D01D8F278FB5
S1137920BD42F5D11F6FA742F2D100201867E06D68
S113793020F00600E065FEF7D2F900285CD04BF297
S1137940E428C1F6FE78D8F8000018B1A04201D0AE
S1137950FFF72CF9C8F80040FCF708F8082E17D1F7
S1137960AAF10300012813D8E06D10F008000FD02D
S11379704BF2E826C1F6FE763068002184F86D10DB
S113798028B1A04203D0B0F86A10FFF7D7FC3460E6
S1137990FCF78CFAE16DE06721F4C060E06500203B
S11379A084F87400FCF782FAB9F1000FA06708BFED
S11379B0BDE8F0874846BDE8F047FFF77DBA082EDA
S11379C03FF47DAF400704D4206840F008002060F5
S11379D07BE7D9F8700008B9C9F87040D9F80000FD
S11379E0012140F00400C9F8000000202067E06D88
S11379F061F34200E06568E74BF22A004BF665420A
S1137A004AF6D073C0F20000C0F20002C0F20003D4
S1137A1040F20321FAF7E4FC4BF22A004BF66542EC
S1137A204CF23B13C0F20000C0F20002C0F20003AB
S1137A3040F26911FAF7D4FC2DE9F04186B0002830
S1137A4000F0D8800446406A002800F0E380204615
S1137A500594FDF7E5FFA16A00F1220291424CD39F
S1137A60676A4DF6865307EB0008B8F81000B8F8BB
S1137A700E2000BA010C10BABA89000C9A4209D13E
S1137A80D7F81620D7F81A30D7F81E60D7F822C0D6
S1137A90012503E0D7F81A20002512BA98F81B70C4
S1137AA0CDE9025000200096CDF804C0FFF7F0FCA9
S1137AB0B8B1054690F86D0000F0BAF988B195F8B0
S1137AC06D000021012885F86C101BD107F01F0000
S1137AD002284BD12846214600F0E5FB054660B15B
S1137AE029E007F01F0010284FF0000606D017F019
S1137AF0040003D1204600F055FF0026304606B0AE
S1137B00BDE8F081790734D407F01B01022901D1C3
S1137B100428F2D82846FDF78DFF626A00F10E01B1
S1137B2005F19A07064678181144142201F0B4FAB4
S1137B30F0191021C176FCF7B9F9E96DE86721F471
S1137B40C060E865002085F87400FCF7AFF9A86709
S1137B5098F81A0000F0F000512815D32846214661
S1137B6000F08CF806460028C7D00EE07807C1D58F
S1137B70C3E702281DD1D8F81600D5F82C1100BA95
S1137B8001318842B9D11BE00126B8F81C0005A9CF
S1137B9000BA000CC5F8F400284600F077F90598FF
S1137BA018B1FCF7E6FF002005902846FFF713FE06
S1137BB0A4E7D8F81200D5F8101106BA8E4205D100
S1137BC0284600210026FFF73FFE97E7304601F0E4
S1137BD081F8002891D0D5F80401D5F8101101449A
S1137BE0304601F074F800283FF487AF204600F0D7
S1137BF0CBFE82E74BF22A004CF26A024CF20E33BF
S1137C00C0F20000C0F20002C0F2000340F2F6210C
S1137C10FAF7E6FB4BF22A004CF26A024CF23363A9
S1137C20C0F20000C0F20002C0F2000340F2F721EB
S1137C30FAF7D6FB4BF2CC22C1F6FE72D16802F100
S1137C40080C614504BF0020704780B5028F12BA4A
S1137C504FEA124E0A68724508D1CA6892F83B305E
S1137C60062B03D192F85C309B0704D44968614524
S1137C70F0D1002080BD0267012080BD70B50446AC
S1137C8008460D46FDF7CCFE696A01448A7E512AF6
S1137C9001D2012070BDAB6A00F12206B3424FF05D
S1137CA00100F7D93C2505EA9202143AD5B29B1B90
S1137CB0AB42EFD3002AEDD001F12206317801293D
S1137CC032D00029E5D0012D32D0022926D1042D4D
S1137CD02ED3707804282BD1B01CFEF726FAB4F802
S1137CE0661000B921BBB0F5067F98BF4FF406704B
S1137CF0814211D9D4F80421E16DB2FBF0F241F0D4
S1137D000101E16502FB00F1C4F80411A4F85E016D
S1137D10A4F85C01A4F86600042105E07178002051
S1137D20022928BF8D42B5D36D1A0E44C6D1B0E7DF
S1137D30002070BD2DE9F041446A05468846FDF7F0
S1137D406FFE26182846FDF76BFEB17E6B6A3C2257
S1137D5002EA91011A180A440E32C8F80020D5E943
S1137D6009730025BC890E3B082C4FF0000402D196
S1137D703F8A3FBA3C0CA342B8BF1C460844F17E7C
S1137D80201AC8BF054688060AD5308C00BA010CF3
S1137D9002EB1040C8F800002846FEF7A2F92D1A9D
S1137DA02846BDE8F0812DE9F04383B0054610462E
S1137DB01E4614460F46FDF733FEA6B195F86D1026
S1137DC0042910D3616A05F580780844D0F81210AC
S1137DD000200290D5F8900091FA81F938B1FFF7AC
S1137DE0C0FB034605E0002085F83C011DE0D5F802
S1137DF088300DF1080C404649463246CDF800C0A3
S1137E0000F0A7FF002809D401460298361A3A1850
S1137E1028463346FFF76AFBB04201D1002004E054
S1137E20204600F0BFFD4FF0FF3003B0BDE8F08303
S1137E300B288FBF01204CF6BC01C0F2000151F8A1
S1137E402000704710B5044690F86D00082807D844
S1137E5040F2231121FA00F0C0071CBF002010BD1E
S1137E60FCF724F8E16F401A47F2315188423CBFD5
S1137E70012010BD20460821FFF7E6FC94F85C00C1
S1137E8040074FF0FF3058BF012010BD2DE9F04FDF
S1137E9083B08A46096805464C6A0846FDF7C0FD6A
S1137EA00444D4F81210DAF80000E77E91FA81F95C
S1137EB002A9FFF73FFF95F86D108346052909D302
S1137EC0D5F8100109F10101884203D1E86D40F4AD
S1137ED08070E865D5F818010BEB0906301A012803
S1137EE0A8BFC5F818610299DAF8002028465B4655
S1137EF0FFF759FF002839D4DAF80010284600F0BB
S1137F000FFD95F86D108046042907D107F01F0076
S1137F10022803D128460321FFF796FCF8070CD06A
S1137F20E86D410409D440F48041C5F81461820429
S1137F30E9655CBF40F4A030E86595F86D00002762
S1137F400238082800F22881DFE810F013008800C6
S1137F5013005B0009000900260126010900DAF874
S1137F600010284600F048F907460CE14FF0FF37AF
S1137F7012E1DAF80000446A2846FDF75BFD044488
S1137F80E17E95F86D00D4F8122002284FF010031A
S1137F9001F0170108BF12238B4217BA44D1B5F878
S1137FA058100228A5F85A11298FA5F8581140F045
S1137FB0C180284605F58079FDF73CFD2844102151
S1137FC080F8B510E176D5F82C21B5F8663048462E
S1137FD0394600F08EFED5F82011781CC5F818013A
S1137FE0C5F81001481CD5F83411C5F82001481C07
S1137FF095F86D10C5F83401881EB0FA80F0400978
S1138000A4E0DAF80000446A2846FDF713FD2718B7
S1138010B88BFE7ED7F8129000BA000CF106C5F8B2
S1138020F4003FD40027B7E028460821FFF70CFCF2
S1138030D4F81600C5F8107100BAC5F82C01E07E1A
S113804040F00400E0762846FDF7F4FC404400F1DB
S11380501407502000EB8800A07694E004F10E0190
S1138060284600F062FA80461220E0762846FDF7A2
S1138070E1FC404400F11407502000EB8800A07696
S113808028460421FFF7E0FBD5F81C1109F1010093
S1138090C5F81801C5F81001481CC5F83401C5F825
S11380A0200170E0D7F8160005F5807401BA204667
S11380B000F0CAFED5F8941089B1034678B14FF0A8
S11380C0000C084600210022CDF800C0FFF7FCFA9E
S11380D018B1286840F002002860D5F8941011B156
S11380E0284600F001FCE86DD5F8201100F4805218
S11380F006F00103D218C5F82C1153D0810477D4AB
S113810099FA89F0D5F810115844461A204600F01F
S1138110AAFE8146204600F06FFEB9F1000F18BF99
S113812000283DD1012E3DDCD5F814010130C5F8FD
S1138130100137E0BBF1000F05D0D5F81C01013068
S1138140C5F82C010DE00020C5F81071D5F81C11FC
S1138150BBF1000F01F10101C5F82C1108BF002883
S11381600CD01020E0762846FDF764FC404400F172
S11381701407502000EB8800A07600E00027284672
S11381800521FFF761FB012F06DB284651465A46BD
S11381903B4600F0E8FB0746384603B0BDE8F08FE5
S11381A0012E24DD1020BBF1000FF87612D02846F2
S11381B0FDF740FC502101EB8801B97695F85D107C
S11381C04044890600F1140744BFD5F82401C5F8DA
S11381D0200100E00027B8F1000FD4D12846514611
S11381E0002200F0C2F90028C8BF0746CBE7E86DBB
S11381F040F48050E865B2E6B0B54D6A04460846DE
S1138200FDF70EFC0544E87ED5F81620C00704D01F
S1138210D4F814010130C4F81001E06D810406D4CF
S1138220D4F820114FF40052C4F8241107E0D4F814
S1138230241112BA4B1C9A4203D14FF4004210434A
S1138240E065020406D41120C4F82011E876204623
S11382500A210FE001314204C4F8201102D40020A5
S1138260E87609E0C0034FF0000058BF1020E8761C
S113827020460821FFF7E8FAD4F82001C4F82C01BD
S1138280E87E40B12046FDF7D5FB94F83C11084444
S11382901430C0B202E094F83C110020502202EBEA
S11382A08101A976B0BDB0B5054608460C46FDF778
S11382B0B7FB14281CBF0020B0BD28462146BDE8EA
S11382C0B04000F048B8B0B586B00D46096A04461F
S11382D00162686A6946606295F83A0084F83A0077
S11382E0D5F88800C4F88800D5F88C00C4F88C0050
S11382F0D5F88000C4F88000D5F88400C4F8840060
S1138300D5F8F800C4F8F800D5F8FC00C4F8FC006F
S11383102846FEF7C2FDE06D256740F00400E065E5
S1138320286FB5F86810002801F10100A5F868006D
S1138330694620464FF018024FF0010308BF2C672E
S11383400125FEF73FFB18B12046FEF72FFC002560
S1138350284606B0B0BD2DE9F04381B00746002899
S11383604FF0000069D00C46002966D0216B00292B
S113837063D0666A0968D6F81E0088425CD1398FDA
S1138380D6F81A20738CF8F777FE002854D080466C
S1138390F86D5FEA007912D4B7F86800B7F86A108C
S11383A0884208D2022001210622FEF7B4F90546CC
S11383B00130012844D8204600F0F4FA3CE040F0B3
S11383C00400F8653F673D46676A2046FDF728FBD1
S11383D0216B2A7A296402F0FE012972718C3844D7
S11383E009BA090CA5F85810D6F81A10C5F82C814A
S11383F009BAA964D0F8120000BAC5F810012846D9
S113840000F048FC284600F005FA01280ED1284661
S11384100321FFF719FAD4E9091205F19A00562A43
S113842028BF562200F038FE284606E0B9F1000FB6
S113843002D42846FEF7BAFB002001B0BDE8F08361
S113844028463946FFF73FFF00284FF0000018BFC9
S1138450002DB9D1F1E7B0B582B0044690F86D00B3
S1138460022809D194F86C00032812D3204608216D
S1138470FFF7EAF900253AE00020019001A920461F
S113848000F038F80199054689B30846FCF771FBFA
S11384902DE094F85D00000707D4207AC00704D1CA
S11384A0204600F072FB0128E4D12046FDF7C2FA11
S11384B00519B4F8660040F20241A5F8BC10010A9F
S11384C085F8BF00204685F8BE10FDF7B3FA602199
S11384D085F8B41094F86C1000F11805481C84F861
S11384E06C00204600212A46002300F028F8284684
S11384F002B0B0BD2DE9F0418846064600240825A7
S113850030464146002200F030F801280ADB0746D5
S1138510D8F8001030463A46002300F010F8013D28
S11385203C44EDD12046BDE8F081B0F8662040F22D
S113853002408882100A88750420CA75704750EA80
S1138540010C01D000F03CBA80B54CF229304BF25A
S11385501D724BF62513C0F20000C0F20002C0F2F7
S1138560000340F21511F9F73BFF2DE9F04782B003
S11385700C460968054600290CBF05F19A064E6AA7
S113858028469046FDF756FA304400260196C17EEF
S113859000F10E0741F01001C176D5F8941005F5ED
S11385A08079002958D0B5F86600022854D3D5F84C
S11385B0F41001AA484600F0F9FB0646012848DBFE
S11385C0216828463246434600F03BF900286BD028
S11385D02060446A2846FDF72DFA04EB000A284679
S11385E00AF10E07FDF726FA2118D5F8940001EBDD
S11385F008030168019A03F12204FEF7ACFFD5F8E1
S1138600941002464FF0010C0846114622463346A8
S1138610CDF800C0FFF758F895F85C1049061BD553
S11386200446D5F8940001998268FEF794FFA042AD
S113863012D19AF81B0040F001008AF81B00D5F80B
S11386402C01E96D3044C5F8240141F40050E8657B
S113865002E0002E4AD4002695F86D00052826D1A4
S113866095F85C00800617D5484600F0C5FB98B124
S1138670E86D20F02000E865787B40F00100787315
S1138680E86DD5F8201140F40450E865C5F82411CC
S113869028460621FFF7D8F895F8740004280DD36E
S11386A028460821FFF7D0F84FF0FF361EE036B910
S11386B095F85D0080071DD0012001E0E6B100209F
S11386C0797B502301F0E70203EB880341F01801A2
S11386D0002828463B7318BF02F110017973FDF797
S11386E0A9F908EB0601084400F11406304602B06B
S11386F0BDE8F0870026F9E795F85D00C007D7D1FB
S1138700FBF7D4FBA96F95F87420401A002A40F6B1
S1138710B83104BF4DF2C041C0F201018842C7D94B
S1138720FBF7C4FBE96DA86741F4007095F8741079
S1138730E86540F6C410A5F86400481C85F8740088
S1138740B6E7F0B581B00446D0F890004F6A1546FC
S113875018B1FEF70FFF064601E0D4F88860D4F89C
S113876004013146FDF7C1FCE16D8022C0F2020232
S11387701142B4F8661018BF002088420A4688BF28
S113878002468E424FF6FC7138BF02468A4238BF19
S113879011460B02781943EA11218183E06DD4F864
S11387A0101120F480701144C4E9170101B0F0BD28
S11387B070B50446C06D496A1D46830501EB020687
S11387C018D4D4F82C01F17E00BAC907C6F81200F7
S11387D01AD02046FDF72EF9D4F82C21281AD4F803
S11387E024111044143888420ED0F07E00F0FE00AC
S11387F0F07609E0022161F34A20D4F82C11E065F7
S1138800481E00BAC6F81200D4F8100100BAC6F81F
S1138810160070BDB0B582B0D0E93E1200F5807C80
S1138820D0F81031D0F82CE140F2B454B0F86650CE
S1138830614362436046CDE900E500F04EFA02B0C0
S1138840B0BDF0B581B017464CF67402C0F2000218
S113885012681E460C46054622B1BCB1B81900F197
S113886022070DE02846FDF7E5F8B91901F12207C2
S11388703E18562E98BF562654B1A06AB04207D36C
S11388802846FDF7D7F83844A0621AE040F2F256C1
S113889030460021FCF703F958B10746406ABE622E
S11388A04CB1D4E9091200F0F7FB2046FCF761F95A
S11388B006E0002405E005F19A01562200F0ECFBE5
S11388C03C46204601B0F0BD10B50C4608B1006C22
S11388D040B9142A05D1606AD0F81E00FDF71AFECB
S11388E000E00020206310BD10B50446D0F89400C9
S11388F0FEF751FE0128B8BF10BD0146D4F894001C
S11389004268036904F5807000F037FA012806DB39
S11389100146D4F89400BDE81040FEF74ABE10BDED
S1138920B0B54D6A04460846FDF77AF894F86D2010
S113893094F83C11052A14D3E26DD30711D022F028
S113894001012844E16540F20241418494F8671032
S113895080F8241094F8661080F825106021817640
S113896004210846B0BD70B50E46096805460846A0
S11389701C46FDF755F82CB13168284622460023E1
S1138980FFF7DDFD204670BD10B50446FDF748F83D
S113899014281CBF002010BD20461021BDE8104043
S11389A000F05DB910B50446FDF73AF814281CBF71
S11389B0002010BD20461421BDE8104000F04FB93E
S11389C02DE9F04F93B0924606460020019071B114
S11389D00F4657F8300F0C4657F80C5CA7F10808FF
S11389E005F10E0905F1220B0093A0B11CE005ACC2
S11389F02046382104F1300704F1280800F048FB30
S1138A00562006F19A050F9000200E9506F1A8094C
S1138A1006F1BC0B0090304621461422FFF754FFA8
S1138A20206B002800F088809EB130462146142235
S1138A30FFF787FE3046214614225346FFF7B8FE5F
S1138A40B06C00BAC5F81E0038680068C5F81A0092
S1138A500FE0D5F81A00D5F81E10D5F82A20D5F85D
S1138A602630C5F82620C5F82A30C5F81E00C5F8FA
S1138A701A104AF290618020C1F6FE71A8754FEA7F
S1138A800A200A8840EA1A20288210BA000C688258
S1138A90501C0880002049461422A8822883FDF730
S1138AA0B5FAC04300BA000C2883D8F80010284651
S1138AB00122FDF7D5F9A88CBBF80010ABF8000033
S1138AC00AF10E00A984C8F80000D5F81E000DF1C3
S1138AD00E01029002A801AAFCF778F9012804D13A
S1138AE001990DF10E00396001E03968A81D19B330
S1138AF081882E46A980006828603868816B46F812
S1138B00061F808FB0803868C06EF0B1C36863B34D
S1138B102146009C22469847A4B9A88CBBF80010B3
S1138B20ABF80000D5F81E00A984C5F81A0028681F
S1138B30A9883060B18005E00098012802D1204660
S1138B40FCF717F813B0BDE8F08F4CF286304BF603
S1138B5074224BF62533C0F20000C0F20002C0F2CA
S1138B60000340F21D11F9F73BFC4CF286304BF642
S1138B7074224CF2E833C0F20000C0F20002C0F2EA
S1138B8000034FF48F71F9F72BFC70B584B00446E1
S1138B90806C04F1400200BA039003A80DF10601B1
S1138BA0FCF714F901284ED1218FA06AA26CB4F805
S1138BB05830F8F761FA00284FF000054CD0E16D09
S1138BC0064641F4006104F19A00E165562184F8F7
S1138BD06C5000F05DFABDF80A00DDF80610A4F848
S1138BE0A4000820A4F8A6004520C4F8A01084F826
S1138BF0A8004FF45050A16CA4F8AA004FF4D06020
S1138C00A4F8B00008BAB4F85810C4F8B40008BA0C
S1138C10218F000CA4F8BC0008BA000CA4F8BE0014
S1138C204FF41470A4F8C8002046C4F81051C4F8D6
S1138C302C6100F02FF82046FFF7ECFD0138B0FA64
S1138C4080F0450908E094F86C00411C039884F80E
S1138C506C10FCF7C8FA0025284604B070BD024623
S1138C60406A90F82F3080F82F1050219B0780F82D
S1138C702E1006D5D0F8261009BA013109BAC0F869
S1138C80261080B50020114628220023FFF757FC48
S1138C90002080BD017AC90718BF704700F000B8F2
S1138CA010B50446006C68B1A16CD0E9000209BAA1
S1138CB04840104206D04FF4AF6040F2B451FDF783
S1138CC014FA01E040F2B450A4F8660010BD401A52
S1138CD0C00F7047081AC00F704780B59E46DDE983
S1138CE002C3C0E901127146624600F002F8012095
S1138CF080BD4FF0010CC0F800C0CBB1B0F85EC02D
S1138D00BCF1000F18BFA0F85E30B0F85CC0BCF135
S1138D10000F01D063450DD2D0F804C0A0F85C3038
S1138D20BCFBF3FC0CFB03FCC0F804C09C4601E054
S1138D30B0F85CC01FFA8CF343644FF4FA73C0E9D3
S1138D400311C0E906120262C0E90D23C0E90A2238
S1138D50704780B5DDF808C04FF0000ECCF800E095
S1138D6093424FF0FF3C06D303698B4202BF114488
S1138D7001614FF0000C604680BDB0B50446806CC4
S1138D8000284FF00000C8BFB0BD656C636BA942FA
S1138D9038BF0D462364C4E912526065FBF786F8B8
S1138DA0616B2065481960632846B0BDF0B581B099
S1138DB0846C74B10546406D1646C1030CD5A96B8D
S1138DC0C0B201FA00F7FBF771F8296D401AB842F6
S1138DD001D200240DE0686D411C61F3070040F4EA
S1138DE080306865FBF762F82865286CE96CE862F6
S1138DF03160204601B0F0BD806CB0FA80F04009CB
S1138E007047B0B50546002010601446AA6C002ACD
S1138E1008BFB0BD95F85600C00707D1B5F85E008D
S1138E2081424FF0000028BF0120B0BDFBF73EF89F
S1138E30A96B2A6D95F85430801A994088423CBF3A
S1138E40081A20600120B0BD826C4AB1036A134441
S1138E5099424FF0000122BF03628164114600E091
S1138E6000210846704701698069081AC043C00F91
S1138E70704728B1416A8989082908BF00F02CB8D5
S1138E80704780B550B1436ABBB19B89082B1CBFA6
S1138E90002080BDBDE8804000F09EB84BF6F05045
S1138EA04AF6F8624BF22B43C0F20000C0F2000213
S1138EB0C0F200037621F9F793FA4BF6F0504AF624
S1138EC0F8624AF62C43C0F20000C0F20002C0F27D
S1138ED000037721F9F784FA2DE9F04383B00446BF
S1138EE04069D4E909570290206B01AA019002A8B5
S1138EF02946FBF76BFF216B09B90199216300280F
S1138F003FD0012862D1A08E0026A884E08E2E8551
S1138F1068844FF6DE70384481B2000240EA1120C2
S1138F20E884606A4CF6EC0110F8068FC0F2000188
S1138F30182205F10E0900F0AFF84FF6F27038442C
S1138F4081B2000240EA112028826069C5F81E003F
S1138F50206B10B10068C5F81A002046AE822E833B
S1138F60FCF75EFD024600204946FDF74FF8C0437A
S1138F7000BA000C5FEA8871288312D40020288587
S1138F8014E0029900200022FBF7D6FF6069FDF788
S1138F90C1FA2063D0B1029860612046FCF72EF933
S1138FA004E0A16A28460122FCF75AFF206B68B14D
S1138FB0816B838FC06E626A5381C2F8061040B120
S1138FC0C36833B121460122984702E02046FBF7EB
S1138FD0D0FD03B0BDE8F0832DE9F04381B0B8B310
S1138FE0D0F824900446B9F1000F41D0266B08460E
S1138FF09046FDF725FF0027C8F8007020B305460A
S11390008EB1306878B12046FCF758F8012804D1B5
S11390100120C8F80000002716E0D9F81A1009F159
S11390200600FCF783F8FAF747FC05F148002146EF
S1139030F9F764FEFAF79AFC686820B10121012768
S1139040F9F7FEFC00E00127384601B0BDE8F083E3
S11390504BF643604BF24B524BF22B43C0F20000F1
S1139060C0F20002C0F2000340F26F11F9F7B8F940
S11390704BF643604BF24B524AF62C43C0F20000CD
S1139080C0F20002C0F200034FF4B871F9F7A8F976
S11390900A46002100F01FB810B500239A4208BF09
S11390A010BDCC5CC4540133F8E710B5814209D239
S11390B08B18984206D20139431E5AB18C5C9C54D9
S11390C0013AFAE703462AB111F8014B013A03F8D1
S11390D0014BF8E710BD00239A4208BF7047C15402
S11390E00133F9E7034613F8012B002AFBD1181AC0
S11390F00138704700210A2200F088B880B500F0DA
S113910003F820F0004080BDB0B50A4900F048F8EB
S11391104258094BA2FB0345013444500844074C10
S1139120416802FB045203FB01F15141416021F00B
S11391300040B0BD080000002D7F954C2DF451581F
S113914010B54AB10B7804789C421CBFE01A10BDDC
S1139150013A01310130F4E7002010BD10B5054992
S1139160054A0446FFF798FF044805492044FFF7E1
S11391708FFF10BD78040000080000000800000004
S1139180040000000249401A02490860704700BF09
S113919008000000ECB2FE1FD4D4D4D4D4D4D4D468
S11391A00148006870470000ECB2FE1F81B070B542
S11391B089B00C46104900260D9304901546CDE95C
S11391C00666CDE9026601914FF400310091011960
S11391D0002C18BF481E294648BF002005900DAA40
S11391E06846089200F088F80CB104990E7009B032
S11391F0BDE8704001B07047FD910000D1E904233F
S11392009A421EBF531C0B61107070472DE9F04346
S11392108146242A01D8012A0AD1364A1623FFF7A7
S1139220BFFF835009B1C1F800900020BDE8F0836E
S11392302F4B484610F8015B5C1994F880402407D2
S1139240F8D42B2D03D02D2D05D1012400E00024CA
S113925010F8015B00E00024302D0CD112F02F0F28
S11392600DD1037803F0DF03582B08D14578831C14
S11392701022814608E0002A08BF0A2203E0002ADF
S113928008BF0822302503466FF0004004EB0008B5
S11392900020B8FBF2F707FB128C1E466B1E43F04E
S11392A02003392D88BFA3F12605A5F1300393428D
S11392B00ED2B84202D804D1634502D944F0020464
S11392C001E000FB02303346B14613F8015BE4E7EA
S11392D009B1C1F80090E10718BF4042A10705D5C4
S11392E004492222FFF75CFF42504046BDE8F08368
S11392F004C90000100000002DE9F04F95B082462B
S113930080781492800740F18884DAF804000027FA
S11393100C90149813900DA807910B91821D06923E
S1139320421E0530089209900B9A114611F8010B60
S1139330252803D0002800F0728404E05578961C98
S1139340252D09D131460C9A0B915146904701378E
S11393500028E9D500F05BBC00224FF0000800248F
S11393604FF0000B1FFA8BF9B9F11F0F0DD8A5F1BF
S1139370270009282DD8DFE800F09F0B0B0B050B05
S1139380650B0B624BF0020B53E0B9F17F0F12D85F
S1139390A5F13000092823D8B9F1400F27BF08EB05
S11393A0880100EB410804EB840100EB410438BF61
S11393B04BF0200B80E04C2D3ED0682D4CD06A2D14
S11393C03AD07A2D78D0742D76D06C2D40F09F81D0
S11393D03BE0202D2DD0232DDAD14BF0100B6BE088
S11393E0242D47D07A2D67D02E2D3CD04C2D23D060
S11393F0682D31D06A2D1FD06C2D26D0742D5BD0F2
S11394002A2D40F08481002A56D11398011D13910E
S1139410B9F13F0F00684DD8B0F1FF3FDDBF4BF00D
S1139420280B444200224BF0200BC4BF0022044608
S113943042E04BF0040B3FE04BF4207B3CE04BF06C
S1139440010B39E04BF0080B36E00BF080004BEADF
S1139450800040F0800B2FE00BF480704BEA40005A
S113946040F4807B28E0B9F13F0F00F2D8834BF041
S1139470400B21E0BAB1149815464246B9F1400FA9
S1139480139038BF2246079813A900F0D3FB139812
S11394902A46B9F1400F00F104011391006834BF6A
S11394A00446804608E022464FF0000800244FF0AE
S11394B0000B01E00022804616F8015B002D7FF4CA
S11394C051AF0A94002534462AB114981390079892
S11394D013A900F0AFFB45F02000B8F1000F48BF1E
S11394E02BF0400B28EAE8790B94A0F165010329DD
S11394F001D3612834D11399461B073121F00701A8
S1139500612891ED000B01F10802139218D15FEA72
S11395104B6058BF4FF0FF39F2B249460DA800F036
S113952071FC00F101084BF4C05B4FF0010C5FFAD1
S113953088F08145D8BFA0F101097020049040E073
S11395405FEA4B6158BF4FF00609C1B266291DD0CE
S1139550652823D165204BF4805B09F1010123E0E8
S1139560A5F16F01062957D808234FF0000EDFE854
S113957011F0DF010700D901D9019E01D90196013B
S11395804BF0100B10234FF0780ED1E166204BF412
S1139590005B012211214B46049008E05FEA096157
S11395A0494608BF01210238002304900022C9B2B1
S11395B0112928BF11210DA800F0BFFD80464FF0EE
S11395C0020C0D9B13F1090F08DA13F1630F0FD28C
S11395D013F57A7F09D84FF0040C0BE0092B09DD51
S11395E0632B05D9B3F57A7FF5D24FF0030C01E074
S11395F04FF0020C9DF838101FFA8BF4C80707D1FE
S11396005FEA8B7206D462071DD4002001251CE09A
S11396102D2019E02B2017E0692D18BF642D40F090
S11396202A811FFA8BF05FEA0B6100F12F811399F5
S11396300A1D13920A68C10540F12F81800554BFA9
S113964012B252B229E12020002511F00C0F18D0DB
S11396500423002D18BF03230A9A9A4226DD5FEAE9
S11396600B7125D4A84605469C1A00F0B8FB0028C7
S113967000F1CD8201370134F7D328460024454652
S113968017E01BF4405F039545D1B9F1010F98BF72
S11396904FF001095FFA88F139B3099A0A4412F8C4
S11396A0012C302A21D1A8F10108F3E7002400E0BD
S11396B0D41A2DB900F0A3FB002800F1A8820137C9
S11396C09DF83800DFF868550007DFF8600558BFDB
S11396D005462878002800F08D82801B00F08BFB63
S11396E0013701350028F4D591E2E20648BF494626
S11396F013F1040F0DDB4B450BDA8B424BF4005B8B
S1139700AEBF4FF00009DA4301EB020903E00A940B
S1139710D9E6A1F101091FFA8BF15FEA8B42B64643
S113972002934FEA015B059107D40521BBF1000FB9
S113973058BF032101EB0C0602E023EAE3714E1C3F
S113974009F10101B9F1000F059D08BFC5F300112E
S1139750039A0A9C82F001028B183344E41A4FF0F6
S11397600003D8BF1C4615F0090FCDF804C011D171
S113977084B1054688190A9976461044441A00F0C3
S11397802EFB002800F1438201370134F7D3002473
S1139790284600E07646039929B900F030FB0028FA
S11397A000F135820137BBF1000F0CD500F01FFB2F
S11397B0002800F12C82C6F1780000F01CFB002880
S11397C000F1258202370598000709D444B12744E3
S11397D000F00DFB002800F11A82013CF8D10024AE
S11397E00598800425D49DF8390000F008FB002872
S11397F000F10D82B9F1010FC0F2D88000F0F3FA44
S1139800002800F1048209EB07005FFA88F500F1F3
S1139810020B0020814500F0A381471CAF423ABFF0
S11398200699085C302000F0EAFA00283846F1D5A1
S1139830EDE10298C9F100095FFA88F820EAE076C0
S1139840851B701C05D100F0CEFA002800F1DF81E1
S113985001373020002D03D4454501DA0998405DD5
S113986051464E454ADD0C9A904701350137013E79
S11398700028E6D5CBE1632D54D113980126011DB0
S1139880139100688DF834000DAD22E08005139823
S113989000F1A380011D13910268D317A5E04FF6D0
S11398A0EF700A234FF0750E0BEA000B40E013989B
S11398B0011D13910568DC48002D08BF05465FEAC9
S11398C04B6058BF4FF0FF394946284600F040FB33
S11398D006465FEA0B7070D40A98B046B04238BFAF
S11398E08046B0426BD90C9A0446202051469047DA
S11398F0002800F18C81601E0137F2E70C9A904732
S1139900002800F184810599781CC90640F113816F
S1139910002E40F0108100F066FA002800F17781F3
S1139920023767E1782840F00881C5F18803AE4624
S11399304FF6F9700BEA00055FEA0B600AD413983E
S1139940011D1391E90500680AD5A90554BF80B229
S1139950C0B205E0A805139804D4011D1391006852
S1139960002107E0073020F007010A46496852F851
S1139970080B139250EA010208BF2BF0160508D019
S11399800DAE7446324600F0FFF9AC46861B254600
S113999045E05FEA4B62F3D5B8F1010FF0DA4FF618
S11399A0E970002675460BEA000C38E00598C006FD
S11399B000F1D08007F1010BD2E0DDF828803744B4
S11399C0A8EB0604002E00F0158115F8010B00F039
S11399D016FA013E0028F5D519E1073020F00700FA
S11399E00146436851F8082B13915846002B83EA2B
S11399F0E37148BF40F4806020F0100C82EAE37009
S1139A00B0EBE37061EBE3711A4300F08A800DACB4
S1139A100A236646224600F0B7F9B446061B5FEAFD
S1139A204C6002D4614630460BE04FF6FE704E4562
S1139A300CEA0001304604DA4846002D08BF2CF039
S1139A4011011FFA81FBC90606D440F2064111EA4E
S1139A500B0118BF012103E00221002D08BF0121E1
S1139A600C185FEA0B701CD45FEACB7001D10A9921
S1139A7007E00A99B1468C42BEBF7018A0EB0409F6
S1139A800C46A046A142C8BF88460A98844207DA19
S1139A9000F0A5F9002800F1BA8001340137F4E799
S1139AA044465FEACB6014D440F206401BEA000F40
S1139AB01FD05FEA8B704FF02B0058BF20205FEA65
S1139AC04B5148BF2D2000F09AF9002800F19F80E7
S1139AD00EE000F08CF9002800F1998045B10C9A51
S1139AE0284651469047002800F19180023700E053
S1139AF001370A983744041BB1450FDD00F077F9AC
S1139B000137A9F101090028F6D580E008980C9ADC
S1139B105146805D9047013E002878D4002E69D0DC
S1139B20F4E75FEA4B627FF572AFB8F1010FBFF65D
S1139B306EAF002673E707465CE00C9A2520514679
S1139B409047002863D40C9A284651469047023720
S1139B50FFF7FEBB00F047F9002858D407F1020BC9
S1139B6004980C9A5146801BC0B2904700284ED4EA
S1139B70029E2B205146002E48BF2D200C9A904760
S1139B80002E00D57642002841D40198042812D32F
S1139B904FF47A700C9A5146B6FBF0F505F130009B
S1139BA0C0B29047002832D44FF47A7005FB10619C
S1139BB00BF1030504E00BF102050328314623D120
S1139BC0642000F003F9002821D46420013506FB49
S1139BD010710A2000F0FAF8002818D406EB860069
S1139BE00135A7EB400101F1300000F004F9002831
S1139BF00DD46F1C012CFFF697AB00F0F0F8013781
S1139C00013C0028F6D502E00228E2D2EBE79AF8FC
S1139C10020040F004008AF802004FF0FF37384693
S1139C2015B0BDE8F08F00BF61C6000030B700007A
S1139C30EBC100002DE9F043894652494FF0010879
S1139C404FF0010C0546944580F299802B4613F899
S1139C50014B252C03D0002C1D46F7D18FE06B78E7
S1139C60AF1C3D46252BF1D000264FF0000E0025F9
S1139C701F2E08D8A3F12004102C06D808FA04F4E7
S1139C800C4202D044E07F2E0AD8A3F13004092C00
S1139C9013D805EB850346F0200604EB430537E0B3
S1139CA04C2B21D0682B29D06A2B1DD07A2B2FD096
S1139CB0742B2DD06C2B30D119E07A2B28D02A2B81
S1139CC025D02E2B23D04C2B0ED0682B16D06A2BEC
S1139CD00AD06C2B0BD0742B1AD0242B1DD1BEF1BF
S1139CE0000F12D1AE4612E046F4207610E006F0E2
S1139CF0800346EA830343F0800609E006F4807398
S1139D0046EA430343F4807602E065450DD000251E
S1139D1017F8013B002BABD100233D46BEF1000FE9
S1139D202DD0E6457FF48FAF02E06323E646F4E7E7
S1139D3043F02004A4F16505032D01D3612C06D161
S1139D40D9F80030073323F0070308330DE0DCB201
S1139D50732C07D0642B03D0692B01D0632B01D063
S1139D60330607D4D9F800300433C9F800300CF1B5
S1139D70010C67E7D9F80030B405E3D4F4E7BDE893
S1139D80F08300BF892801002DE9F041984614466C
S1139D900F46054603F01F0628463946324600237F
S1139DA000F0E2F800FB1652A2EB0803092A88BF70
S1139DB003F13702303204F8012BAA1B054677F170
S1139DC000020F46E8D22046BDE8F0810C9A0F4607
S1139DD0B1FBF0F6514606F13000C0B210470C9AC0
S1139DE02020514610470C9A2E20514610470C9AB9
S1139DF03020514610470C9A5146C0B210470C9A75
S1139E00514610472DE9FE4F56EC107B0C46054693
S1139E109046F00FC6F30A516FF31F5657EA060235
S1139E20287108BF00290ED089B140F2FF7399420E
S1139E300FD10821002A08BF0421084400242871F6
S1139E402046BDE8FE8F00200027002605E02E48AE
S1139E5003E0A1F2FF3006F58016002C286003D43D
S1139E600C2C03D90D2436E0002434E033200021E7
S1139E704FF0000AA0EB840902204A4600F046F89D
S1139E80424202926AEB0102B0F1010B61F100005F
S1139E90019200214A4630400090012000F036F83B
S1139EA0814607EA0B008A46B9EB0000009871EB83
S1139EB0000008D3A0003146C0F13402384600F057
S1139EC036F8C00703D017EB090746EB0A060298D9
S1139ED00740019806401220411FB1D417F00F0229
S1139EE001D1A1420ADCA2EB0803092A88BF03F1CD
S1139EF0270230322A54A142C8BF0C46390901381E
S1139F0041EA06773609E7E702FCFFFF930608D427
S1139F1032B1C2F1200320FA03F391409040194377
S1139F207047A2F1200100FA01F100207047930666
S1139F3008D432B1C2F1200301FA03F3D040D14076
S1139F4018437047A2F1200021FA00F00021704765
S1139F5010B54218034629B11C7814B101390133F4
S1139F60F9E71A46101A10BD40B584B002AE009647
S1139F7000F004F8029A039B04B040BD2DE9F041BF
S1139F80DDF818C089B1DAB163B3B3FA83F6B1FA74
S1139F9081F5741B202C47D3BCF1000F18BFCCE90A
S1139FA0000100200021BDE8F0817BB3BCF1000F6B
S1139FB04FF0000118BFCCE900010020BDE8F0819A
S1139FC0002B74D0002874D05E1E334200F09A80B7
S1139FD0B3FA83F6B1FA81F5741B1F2CDCD204F1B9
S1139FE0010E2AE0561E32426FD0B2FA82F6B1FA5E
S1139FF081F5761B06F1210EBEF1200F19D0BEF1BA
S113A0001F0F00F28D80CEF1200518E0B0FBF2F3B3
S113A010BCF1000F04D003FB12000021CCE90001C5
S113A02000211846BDE8F08104F1010EBEF1200FB5
S113A03003D100244FF0200E08E0C4F11F0520FADC
S113A0400EF621FA0EF4A940A84031434FF000085F
S113A050002600BF640044EAD177490041EAD07584
S113A060EC434000F943A41840EAD87046EA480893
S113A07043EB0106A91A67EB0304002E5CBF3C46C0
S113A0802946BEF1010E4FEAD676E3D14FEA4803E2
S113A0904FEAD87242EA400223F00100BCF1000FFB
S113A0A018BFCCE9001430441146BDE8F081BDE886
S113A0B0F081B1FBF3F0BCF1000F3FF473AF00FB90
S113A0C013110022CCE900216CE7BCF1000F1EBF84
S113A0D006EA00030026CCE90036012A08BFBDE8E1
S113A0E0F08192FAA2F2B2FA82F202F01F06F04074
S113A0F01F264B00D14026EA020203FA02F2104363
S113A100BDE8F081BCF1000F1CBF06EA0102CCE9F6
S113A110000293FAA3F0B0FA80F021FA00F041E7CC
S113A120CEF14004AEF1200600FA04F801FA04F47A
S113A130F0402043F14000248AE72DE9F04F9DB020
S113A140884651EC106B93460D46CF0FC1F30A516C
S113A1506FF31F5556EA050408BF00290AD040F2E0
S113A160FF7291420ED10821002C08BF042139440A
S113A170002405E030210124417100210160B91C53
S113A1800171F6E1002CCDE90970069318BF012492
S113A190A1F235470022022938BF012244EA02090C
S113A1A0002918BF05F580154FEA850343EA967028
S113A1B013904FEA860004BF4FF6CC37CFF6FF77F3
S113A1C0002FCDF81480CDF82CB0CDF83C9012902F
S113A1D006F00100049041D4384600F0D1FACA4692
S113A1E08146032F88BFA9F10109484600F0D4FA3B
S113A1F0044614A9484600F05BFB18A81AA9CDF838
S113A20008A0CDE90010A9EB0700294614AA2044B0
S113A21000F17C03304600F0C9F90546B9F1150F89
S113A220109100F29380129E139C3046214600F058
S113A230AFF9820820F0030042EA817108444042E9
S113A240F04261D13046214600F0AEFA00210F9170
S113A25048454FF0000028BF012039E0C7F1000A4B
S113A260504600F093FA0446781C18BF013CAAEB50
S113A270040A504600F090FA0DF150088346504607
S113A280414600F0ABFA18A81AA94246CDF8089046
S113A290CDE90010A4EB0B00294600F17D03304604
S113A2A000F084F9054604EB0709012C109111D83C
S113A2B00498DDF81480DDF82CB040B1DDE91A0112
S113A2C001381A9061F100001B9000200F900120CA
S113A2D011903EE0DDF81480DDF82CB03E2C35D82A
S113A2E04FF0FF304FF0FF312246FFF70FFE139A75
S113A2F022EA0101129A22EA00000843B0FA80F02F
S113A30040091190002023E0049870B90F98C043CD
S113A310801964F1000100F047FA002111914845C9
S113A3204FF0000028BF012012E046F00200214651
S113A33000F03AFADDE91A124B1E62F100044845B6
S113A34038BF0B461A9338BF14461B940020119053
S113A3500F90BBF1000F40460ED01099284600F034
S113A360F0F9069A09EB02010844B0EBD27FB8BFBA
S113A370D00F8045B8BF4046CDF820900DF160095C
S113A3801B9C0C90AB460020002599E84003CDE9C6
S113A390120048462146CDF8389000F0F0F8814686
S113A3A08A4630464146CDF8348000F0E8F8074646
S113A3B0B0EB0900884671EB0A000ED31099584699
S113A3C000F0BFF90C99884222DD08462946012590
S113A3D018B9109850EA0B001ED01099584600F096
S113A3E0CEF810911299119A544600F0BDF90F9AC3
S113A3F08346129107EB8701C6EB41013E46B1FA51
S113A40081F149090A4013990F9201311391C0E770
S113A410DDF840805F4603E000274FF000080D465A
S113A420DDF83C90DDF828A007955FEAC97025D0D7
S113A4300D9DBB463046294600F0A1F8074600EBC7
S113A44080002A460D4671424042B1EB400F17D1BD
S113A4500E98214600F093F80E900C46584641465B
S113A46000F08DF888461299119A3E4600F07CF966
S113A47083461291139901311391DBE7454602E0BB
S113A48045465F460D920898139901EB000812980F
S113A490C0B2411F18BF0121079ADDF82CB0D207C2
S113A4A00CD10D9B87EA06026B401A4306D1049A2D
S113A4B082F0010202EA0902012A5ED1119A82F0B5
S113A4C00102114300223943042888BF012201EA12
S113A4D002043F1945F100093846494600F031F9B4
S113A4E006460CB30C9886421FDDBBF1000F0AD060
S113A4F00698404481190129D8BF01210598884252
S113A500B8BF0146084686420FDD0446781D49F16E
S113A51000010A220023FFF727FD0746204689464B
S113A520013E08F1010800E00C988642B8BF3046AD
S113A53004B2261D0025A54212DA384649460A22ED
S113A5400023FFF711FD894600EB80010135A7EBDD
S113A5504101074641F030010AF80610013EEAE7DE
S113A56009988AF804000FFA88F020440138CAF8E0
S113A570000020461DB0BDE8F08F0124A9E780B596
S113A58000F006F8C00840EA4170C90880BDD4D480
S113A590F8B502AA4FF0CC330092034A00F010FA47
S113A5A0DDE9020104B080BDCDCCCCCC2DE9F04F67
S113A5B08BB0049316460CCA08AC490045000094BD
S113A5C041EAD0742846214600F0FAF98146D6E9DA
S113A5D00223DDE9087806A88B4621460090284628
S113A5E000F0EEF910EB070ADDE9082348EB010857
S113A5F0DDE90601471C41F10005BAEB020278EBE4
S113A600030228BF0D46079528BF07460499D6E9DB
S113A6100240D6E900CE0697CDF80C9041397A1C59
S113A6200591009145F1000314EB0A0440EB080185
S113A63019EB0C00D9465BEB0E0054F1000041F11C
S113A6400001B0EB0A0471EB080424BF2B463A4620
S113A65000F0D2F9149AC2E90001DDE915B008B39B
S113A660D6E900C3D6E90201DDE90564039A079D32
S113A6700096BAEB000668EB0107701E67F1000153
S113A680B2EB0C0279EB030224BF30463946621E5A
S113A69065F10003BAEB000678EB010624BF2246FD
S113A6A02B4640E0049CD6E900E00025DDE90623C2
S113A6B0CC464FEA4C0C0290D6E902014FEA4A0616
S113A6C0403C00944FEA480446EAD97644EADA74F6
S113A6D0B6EB0A0774EB080738BF012545EA4205C3
S113A6E05B0043EAD2776A1E0495039D67F1000379
S113A6F0B6EB000964EB010BB9F101004CEAD57C1F
S113A7006BF10001DEEB450E029D7CEB050528BFD5
S113A710594628BF4846DDF854B0351A8C41049C8C
S113A72024BF22463B4600F067F9CBE9000105ABA4
S113A73041460DCB0090504600F05EF90BB0BDE8E9
S113A740F08F70B500230A2401220A25461B71EB01
S113A75003063CBF104670BDA5FB045603EB830300
S113A760013206EB4303F1E7C9B2B1FA81F14909B9
S113A7700A4000EB8001ABEB410111927047D4D445
S113A78001494843800C7047413401000149484362
S113A790000D7047FB2E0B0002494843012101EBD9
S113A7A0D04070474F931200F0B50A4B0A4D024651
S113A7B04FF0FF304FF0CC34A2FB0367013002FBB3
S113A7C0047201FB0321721B71F133323246F3D35D
S113A7D0F0BD00BFCDCCCCCC343333332DE9F04FB6
S113A7E087B08B461A210546B0FBF1F22D4802FBD7
S113A7F001F600EB0210B54202D100F0D9F84DE0A9
S113A80004A9294AC3680091A91B52F8317002EBCC
S113A810C101D0E901924C68016838460191214692
S113A82000F0CEF8824602A8019A884621464B469B
S113A8300090384600F0C4F80191DDE90212814627
S113A840002011EB0A0758EB020840F10000012830
S113A85001D100F0A5F82846FFF79EFF04463046D4
S113A860FFF79AFF0199241A48463A464346009452
S113A87000F0C2F81E226FF0030302EA450203EA65
S113A88095030A4DEB5800F081F8CBE900013846F6
S113A8904146009400F0B0F8CBE9020107B0BDE8EE
S113A8A0F08F00BF88CA000058CB000028CC0000FD
S113A8B02DE9F04F87B08B46054619301A21B0FBBD
S113A8C0F1F22F4802FB01F600EB0210AE4202D176
S113A8D000F06EF851E004A92A4AD0E900A80091DA
S113A8E0711B52F8317002EBC101D0E902234C68AC
S113A8F03846214600F064F8019002A8BAF101023A
S113A90089462146009068F10003384600F058F863
S113A9108A46DDE9013104460020039ACF1852EB40
S113A920090840F10000012801D100F039F830464F
S113A930FFF732FF06462846FFF72EFF361A204659
S113A94051463A464346009600F056F86FF003032A
S113A9500D4C1E2203EA950302EA4502E35800F077
S113A96015F8013041F10001CBE9000138464146B8
S113A970009600F041F8CBE9020107B0BDE8F08F82
S113A98080CC000058CB000070CD000023FA02F206
S113A99002F003028018DDE9042341F1000170474D
S113A9A0DDE904010130049041F100000590704795
S113A9B090E80E00C0688BE80E00CBF80C007047DE
S113A9C0F0B5A3FB0145A2FB0116A2FB0027DDF8AD
S113A9D014C07F1874413946264645F10005E3FB4F
S113A9E00016A3FB0003C01954EB030045F100005B
S113A9F0CCE900601046F0BD2DE9F041DDF8188087
S113AA0017460C46054619463846C8F14002FFF77A
S113AA107DFA07460E46284621464246FFF787FA46
S113AA2038433143BDE8F0814552524F523A2073C6
S113AA306F6E756320636F6B20627579756B0D0A99
S113AA40000000004552524F523A2073616465631E
S113AA506520706F7A697469662074616D20736112
S113AA60796920676F6E646572696E0D0A00757886
S113AA70437269746963616C4E657374696E6700CF
S113AA802820282075696E74385F74202A202920B4
S113AA90282070784974657261746F722029203E91
S113AAA03D202628207563486561705B2030205D59
S113AAB020292029202626202820282075696E7424
S113AAC0385F74202A202920282070784974657200
S113AAD061746F722029203C3D202628207563482C
S113AAE06561705B202830783830303029202D2083
S113AAF031205D20292029007651756575654164F2
S113AB0064546F5265676973747279004E65744258
S113AB10756653656D002E2E2F72612F6673702F2C
S113AB207372632F726D5F6672656572746F735FA3
S113AB30706F72742F706F72742E630076506F7220
S113AB4074456E746572437269746963616C00283C
S113AB5020282028202820707844656C6179656459
S113AB605461736B4C69737420292D3E75784E754E
S113AB706D6265724F664974656D73203D3D202892
S113AB80205542617365547970655F7420292030C3
S113AB902029203F202820282042617365547970A1
S113ABA0655F74202920312029203A20282028207C
S113ABB042617365547970655F74202920302029BF
S113ABC02029202900765461736B53776974636874
S113ABD0436F6E74657874002E2E2F72612F617727
S113ABE0732F4672656552544F532F4672656552F2
S113ABF0544F532D506C75732F536F757263652FBB
S113AC004672656552544F532D506C75732D5443E1
S113AC10502F736F757263652F4672656552544F7A
S113AC20535F536F636B6574732E630070784E6566
S113AC3074776F726B4275666665722D3E707563CC
S113AC4045746865726E6574427566666572202126
S113AC503D202828766F69642A2930290028202875
S113AC60207078426C6F636B2D3E78426C6F636B1F
S113AC7053697A652029203C2028207857616E7416
S113AC80656453697A6520292029203D3D203000E0
S113AC90707578537461636B4275666665722021C2
S113ACA03D202828766F69642A293029002E2E2F0A
S113ACB072612F6177732F4672656552544F532F1B
S113ACC04672656552544F532F536F757263652FE7
S113ACD074696D6572732E63002E2E2F72612F615D
S113ACE077732F4672656552544F532F46726565CC
S113ACF052544F532D506C75732F536F7572636597
S113AD002F4672656552544F532D506C75732D54F4
S113AD1043502F736F757263652F46726565525485
S113AD204F535F4152502E63002820707849505091
S113AD3061636B65742D3E7845746865726E6574E5
S113AD404865616465722E75734672616D655479E8
S113AD507065203D3D202820307830303038552033
S113AD60292029207C7C2028207078495050616358
S113AD706B65742D3E7845746865726E65744865BC
S113AD80616465722E75734672616D655479706580
S113AD90203D3D2028203078303630385520292079
S113ADA0290070756C495041646472657373202185
S113ADB03D202828766F69642A2930290078526555
S113ADC07475726E203D3D20282028202820426181
S113ADD07365547970655F742029203120292029F6
S113ADE00075635356434E756D626572203C3D2079
S113ADF03300765461736B506C6163654F6E556EAE
S113AE006F7264657265644576656E744C697374BB
S113AE1000546D7251007078496E74657266616396
S113AE20652D3E7066496E697469616C697365204D
S113AE30213D202828766F69642A29302900282892
S113AE40766F69642A29302920213D20705F65745A
S113AE506865725F696E7374616E63650021282092
S113AE602820785461736B4765745363686564750F
S113AE706C657253746174652829203D3D20282037
S113AE80282042617365547970655F7420292030ED
S113AE9020292029202626202820785469636B73D2
S113AEA0546F5761697420213D20302029202900E6
S113AEB0784576656E7447726F7570536574426930
S113AEC074730078517565756547656E657269635D
S113AED053656E640050726F6365737349434D50DC
S113AEE05061636B65740076507265436865636B8B
S113AEF0436F6E66696773007850726F636573732E
S113AF0052656365697665645544505061636B6549
S113AF1074005F5F4E5649435F4765745072696FB2
S113AF207269747947726F7570696E672829203C5D
S113AF303D202838202D203429202D203100707602
S113AF40506F72744D616C6C6F6300707276496EF1
S113AF5073657274426C6F636B496E746F4672658D
S113AF60654C697374002E2E2F72612F6177732FD5
S113AF704672656552544F532F4672656552544F5D
S113AF80532D506C75732F536F757263652F467212
S113AF90656552544F532D506C75732D5443502F87
S113AFA0736F757263652F4672656552544F535FB4
S113AFB049502E6300757347656E65726174655000
S113AFC0726F746F636F6C436865636B73756D0048
S113AFD078497343616C6C696E6746726F6D495052
S113AFE05461736B282920213D20282028204261A8
S113AFF07365547970655F742029203020290028F6
S113B00020707851756575652029007078556E62D9
S113B0106C6F636B656454434200467265655254B9
S113B0204F535F736F636B6574002E2E2F72612F05
S113B0306177732F4672656552544F532F4672657C
S113B0406552544F532D506C75732F536F75726343
S113B050652F4672656552544F532D506C75732D90
S113B0605443502F736F757263652F467265655232
S113B070544F535F5443505F49502E6300707853CC
S113B08074617469635175657565007848616E64AF
S113B0906C6500212820282078436F7079506F73E5
S113B0A06974696F6E203D3D202820282042617319
S113B0B065547970655F7420292032202920292065
S113B0C02626202820707851756575652D3E757883
S113B0D04C656E67746820213D20312029202900A9
S113B0E0765461736B52656D6F766546726F6D55FC
S113B0F06E6F7264657265644576656E744C6973CF
S113B1007400707854696D654F7574007578496E74
S113B110646578546F576169744F6E203C20283100
S113B120290078495049734E6574776F726B546186
S113B130736B52656164792829203D3D20282028BD
S113B1402042617365547970655F74202920302032
S113B15029004672656552544F535F4765744950E0
S113B1605461736B48616E646C652829203D3D20F1
S113B1702828766F69642A293029004261676C6146
S113B1806E7469206B7572756C64752E2046616BE4
S113B190746F726979656C206963696E2074616D7E
S113B1A0207361796920676F6E646572696E0D0A38
S113B1B0002820757842697473546F576169744626
S113B1C06F722026202820282075696E7433325F20
S113B1D07420292030786666303030303030552085
S113B1E0292029203D3D203000757842697473542C
S113B1F06F57616974466F7220213D203000757865
S113B2005072696F72697479203C20283529007066
S113B2107852657475726E2D3E70756345746865F9
S113B220726E6574427566666572203D3D202828FD
S113B230766F69642A2930290049502D5461736B53
S113B24000282028202678426F756E64544350539A
S113B2506F636B6574734C69737420292D3E784C4D
S113B260697374456E642E784974656D56616C75A6
S113B27065203D3D20285469636B547970655F7483
S113B280292030786666666666666666554C2029AF
S113B290004A6F622054687265616400707276447B
S113B2A0656C65746554434200784E6574776F72BB
S113B2B06B4576656E745175657565203D3D202836
S113B2C028766F69642A293029002820282028201C
S113B2D073697A655F74202920707652657475727B
S113B2E06E2029202620282073697A655F7420291E
S113B2F020282030783030303720292029203D3D47
S113B3002030002820757842697473546F53657433
S113B3102026202820282075696E7433325F74201B
S113B320292030786666303030303030552029207E
S113B33029203D3D20300070785461736B73576150
S113B3406974696E67466F72426974732D3E784CF6
S113B350697374456E642E70784E65787420213D4F
S113B360202820636F6E7374204C6973744974656C
S113B3706D5F74202A202920262820707854617358
S113B3806B7357616974696E67466F72426974734F
S113B3902D3E784C697374456E642029007854619D
S113B3A0736B526573756D65416C6C007654617393
S113B3B06B506C6163654F6E4576656E744C697352
S113B3C0745265737472696374656400785461734C
S113B3D06B52656D6F766546726F6D4576656E74FA
S113B3E04C697374007578496E646578546F4E6F58
S113B3F074696679203C202831290070785461737F
S113B4006B42756666657220213D202828766F6937
S113B410642A29302900707276496E697469616CF6
S113B4206973654E65775461736B0070784E65740B
S113B430776F726B42756666657220213D202828FD
S113B440766F69642A293029002E2E2F72612F61AC
S113B45077732F4672656552544F532F4672656554
S113B46052544F532D506C75732F536F757263651F
S113B4702F4672656552544F532D506C75732D547D
S113B48043502F736F757263652F4672656552540E
S113B4904F535F49434D502E630028202820282015
S113B4A049505061636B65745F74202A20292070B1
S113B4B0756345746865726E657442756666657217
S113B4C020292D3E7845746865726E6574486561FF
S113B4D06465722E75734672616D6554797065206A
S113B4E03D3D20282030783030303855202920291F
S113B4F0207C7C2028202820282049505061636B20
S113B50065745F74202A202920707563457468650A
S113B510726E657442756666657220292D3E7845A3
S113B520746865726E65744865616465722E7573BE
S113B5304672616D6554797065203D3D2028203048
S113B54078444438365520292029007850726F6396
S113B55065737352656365697665645544505061DB
S113B560636B65745F495076340028202820756920
S113B5706E74385F74202A20292028207076526542
S113B5807475726E2029203E3D202628207563485C
S113B5906561705B2030205D20292029202626202B
S113B5A02820282075696E74385F74202A20292089
S113B5B02820707652657475726E2029203C3D20D7
S113B5C02628207563486561705B20283078383000
S113B5D0303029202D2031205D2029202900707849
S113B5E05469636B73546F5761697400785265745E
S113B5F075726E007078496E746572666163652059
S113B600213D202828766F69642A29302900455273
S113B610524F523A206A6F625F74687265616420A7
S113B6206365766170207665726D6564690D0A00E4
S113B6304E65742054687265616400282828534359
S113B640425F54797065202A2920282830784530B3
S113B650303045303030554C29202B203078304460
S113B6603030554C2920292D3E4943535220262061
S113B670283078314646554C202929203D3D20303C
S113B680007853697A65203D3D2073697A656F6659
S113B690282051756575655F74202900785175659A
S113B6A0756553656D6170686F726554616B650093
S113B6B0765461736B53657454696D654F75745337
S113B6C0746174650070784E6574776F726B42753F
S113B6D0666665722D3E7078456E64506F696E744F
S113B6E020213D202828766F69642A2930290028E2
S113B6F02078446F6D61696E203D3D2028203130F3
S113B70020292029207C7C20282078446F6D6169C1
S113B7106E203D3D20282032202920290070727699
S113B72054435052657475726E5061636B65740056
S113B730696E66002E2E2F72612F6177732F467209
S113B740656552544F532F4672656552544F532FBB
S113B750536F757263652F6576656E745F67726F7C
S113B7607570732E6300764576656E7447726F75D7
S113B7707044656C657465007851756575654765D9
S113B7806E6572696343726561746553746174694B
S113B790630076506F727453564348616E646C65EF
S113B7A0725F43002E2E2F72612F6673702F737297
S113B7B0632F726D5F6672656572746F735F706C10
S113B7C075735F7463702F4E6574776F726B496E17
S113B7D0746572666163652E63002E2E2F72612F6D
S113B7E06177732F4672656552544F532F467265C5
S113B7F06552544F532F536F757263652F706F7278
S113B8007461626C652F4D656D4D616E672F68655F
S113B81061705F342E630028202820282073697A01
S113B820655F7420292070784E6577426C6F636B76
S113B8304C696E6B20292026202820307830303047
S113B8403720292029203D3D203000757853636836
S113B8506564756C657253757370656E6465642098
S113B8603D3D2031550070784576656E744C6973A2
S113B8707400765461736B47656E657269634E6FCD
S113B880746966794769766546726F6D49535200EB
S113B8907078554450536F636B65744C6F6F6B7560
S113B8A070002828766F69642A29302920213D20D8
S113B8B0705F6672656572746F735F706C75735FC9
S113B8C07463705F696E7374616E6365007078464B
S113B8D053505F4574685F46696C6C496E74657259
S113B8E06661636544657363726970746F72005254
S113B8F05848616E646C65725461736B007852656C
S113B9007475726E20213D2028202D312029004697
S113B91072656552544F535F4950496E69745F4D67
S113B920756C74690028202820426173655479700D
S113B930655F742029203020290070727644657474
S113B94065726D696E65536F636B657453697A656F
S113B95000436865636B4C696E6B537461747573F3
S113B9605461736B0028202820282070784C696E5D
S113B9706B2D3E78426C6F636B53697A6520292086
S113B980262028202820282073697A655F742029BE
S113B99020312029203C3C202820282073697A6506
S113B9A06F66282073697A655F742029202A20280D
S113B9B020282073697A655F742029203820292083
S113B9C029202D203120292029202920213D203003
S113B9D0202920213D203000784576656E74477219
S113B9E06F7570007851756575654372656174652E
S113B9F0436F756E74696E6753656D6170686F72BD
S113BA006553746174696300785175657565526531
S113BA10636569766500785461736B496E6372651A
S113BA206D656E745469636B00785461736B546F05
S113BA304E6F746966790070784765744E657477E3
S113BA406F726B4275666665725769746844657394
S113BA5063726970746F720078436865636B5265D2
S113BA607175697265734152505265736F6C757468
S113BA70696F6E0070727654435052657475726EBD
S113BA805061636B65745F49505634002E2E2F72DB
S113BA90612F6177732F4672656552544F532F4659
S113BAA072656552544F532F536F757263652F71CE
S113BAB0756575652E6300757851756575654D6599
S113BAC073736167657357616974696E6700784E53
S113BAD06574776F726B42756666657273496E69D9
S113BAE07469616C697365007641525047656E658F
S113BAF072617465526571756573745061636B65C9
S113BB00740076536F636B657442696E6400707879
S113BB10536F636B657420213D202828766F696418
S113BB202A2930290070784E6574776F726B4275DC
S113BB30666665722D3E7078456E64506F696E74EA
S113BB402D3E70784E6574776F726B496E746572B2
S113BB506661636520213D202828766F69642A295F
S113BB603029004552524F523A20675F696E707512
S113BB70745F717565756520646F6C750D0A007668
S113BB80457468657249535243616C6C6261636BBE
S113BB900076506F72744672656500784576656EFE
S113BBA07447726F75705761697442697473007079
S113BBB07276437265617465537461746963546128
S113BBC0736B0070785443422D3E756353746174F3
S113BBD06963616C6C79416C6C6F6361746564203A
S113BBE03D3D202820282075696E74385F74202913
S113BBF020322029002E2E2F72612F6177732F4659
S113BC0072656552544F532F4672656552544F53B3
S113BC102D506C75732F536F757263652F46726563
S113BC206552544F532D506C75732D5443502F73DC
S113BC306F757263652F706F727461626C652F42E9
S113BC4075666665724D616E6167656D656E742FAC
S113BC50427566666572416C6C6F636174696F6E80
S113BC605F322E63007654435053746174654368A5
S113BC70616E6765002E2E2F72612F6177732F46D8
S113BC8072656552544F532F4672656552544F5333
S113BC902F536F757263652F7461736B732E63001A
S113BCA04E657445766E74002820282075696E747C
S113BCB0385F74202A20292028207078426C6F6312
S113BCC06B2029203E3D202628207563486561703D
S113BCD05B2030205D2029202920262620282028AA
S113BCE02075696E74385F74202A202920282070FA
S113BCF078426C6F636B2029203C3D2026282075F8
S113BD0063486561705B20283078383030302920F2
S113BD102D2031205D202920290070784E6577512F
S113BD2075657565002128202820282070764275C5
S113BD30666665722029203D3D202828766F696457
S113BD402A293029202920262620282028207078F6
S113BD50517565756520292D3E75784974656D5357
S113BD60697A6520213D2028205542617365547904
S113BD7070655F74202920305520292029007651D0
S113BD807565756544656C65746500785461736B9D
S113BD90436865636B466F7254696D654F757400D3
S113BDA0282028202678426F756E64554450536FBE
S113BDB0636B6574734C69737420292D3E784C69E8
S113BDC07374456E642E784974656D56616C75653F
S113BDD0203D3D20285469636B547970655F742954
S113BDE02030786666666666666666554C2029006D
S113BDF02E2E2F72612F6177732F46726565525410
S113BE004F532F4672656552544F532D506C7573C2
S113BE102F536F757263652F4672656552544F5385
S113BE202D506C75732D5443502F736F7572636569
S113BE302F4672656552544F535F5544505F4950C5
S113BE402E63002E2E2F72612F6177732F46726539
S113BE506552544F532F4672656552544F532D50BB
S113BE606C75732F536F757263652F4672656552D7
S113BE70544F532D506C75732D5443502F736F755D
S113BE807263652F4672656552544F535F55445033
S113BE905F495076342E630076506F727456616C2D
S113BEA06964617465496E746572727570745072F8
S113BEB0696F726974790070784576656E74426949
S113BEC074730070784D41434164647265737320E8
S113BED0213D202828766F69642A293029002E2ED6
S113BEE02F72612F6177732F4672656552544F53D9
S113BEF02F4672656552544F532D506C75732F53F2
S113BF006F757263652F4672656552544F532D5099
S113BF106C75732D5443502F736F757263652F4680
S113BF2072656552544F535F526F7574696E672E14
S113BF3063007078517565756500765461736B4460
S113BF40656C6179004672656552544F535F46696A
S113BF507273744E6574776F726B496E7465726632
S113BF60616365282920213D202828766F69642A89
S113BF70293029002E2E2F72612F6177732F46727C
S113BF80656552544F532F4672656552544F532D75
S113BF90506C75732F536F757263652F46726565A8
S113BFA052544F532D506C75732D5443502F736F4F
S113BFB0757263652F4672656552544F535F4950DD
S113BFC05F5574696C732E63007852657475726E74
S113BFD020213D202820282028204261736554799F
S113BFE070655F742029203020292029007654614F
S113BFF0736B506C6163654F6E4576656E744C6906
S113C00073740070784E6574776F726B42756666F0
S113C01065722D3E78446174614C656E6774682066
S113C0203E3D2073697A656F662820415250506105
S113C030636B65745F7420290078536F636B657458
S113C04056616C696428207078536F636B65742043
S113C05029203D3D202820282042617365547970B1
S113C060655F74202920312029007850726F636540
S113C07073735265636569766564544350506163B4
S113C0806B65740078517565756500765461736BE2
S113C09053746172745363686564756C657200757A
S113C0A0785363686564756C657253757370656EF7
S113C0B064656420213D2030550070727650726FA3
S113C0C0636573734E6574776F726B446F776E45F7
S113C0D076656E74007078416464726573732021B0
S113C0E03D202828766F69642A29302900784E6516
S113C0F074776F726B42756666657253656D6170B5
S113C100686F726520213D202828766F69642A298A
S113C110302900707078456E64506F696E74202108
S113C1203D202828766F69642A29302900467265E3
S113C1306552544F535F62696E6400785061726552
S113C1406E7420213D202828766F69642A293029BD
S113C1500070727650726F636573735265636569BC
S113C160766564436F6D6D616E64730078497343E3
S113C170616C6C696E6746726F6D49505461736B84
S113C1802829203D3D2028202820426173655479C8
S113C19070655F7420292030202900756C43757206
S113C1A072656E745072696F72697479203E3D20B5
S113C1B028282828312929203C3C202838202D20D3
S113C1C034292929203E3E202838202D20342900D6
S113C1D078517565756547656E65726963526573F7
S113C1E0657400546D7220537663006E616E007640
S113C1F0506F727445786974437269746963616CD1
S113C2000065746825750070784C696E6B2D3E70FE
S113C210784E65787446726565426C6F636B203D39
S113C2203D202828766F69642A29302900707851C6
S113C230756575652D3E75784974656D53697A65C4
S113C240203D3D20300075785363686564756C65E6
S113C2507253757370656E64656420213D202820D7
S113C2605542617365547970655F74202920305597
S113C270002820282026282070785443422D3E7818
S113C2804576656E744C6973744974656D20292014
S113C290292D3E7078436F6E7461696E6572202932
S113C2A0203D3D202828766F69642A2930290078AA
S113C2B054696D657243726561746554696D657224
S113C2C05461736B007652657475726E457468655B
S113C2D0726E65744672616D65004672656552548E
S113C2E04F535F726F756E645F7570006420213DFB
S113C2F0203055004672656552544F535F4D61744A
S113C3006368696E67456E64706F696E74007078F7
S113C31044657363726970746F7220213D2028280C
S113C320766F69642A293029002E2E2F72612F61BD
S113C33077732F4672656552544F532F4672656565
S113C34052544F532D506C75732F536F7572636530
S113C3502F4672656552544F532D506C75732D548E
S113C36043502F736F757263652F4672656552541F
S113C3704F535F5443505F5472616E736D697373AE
S113C380696F6E2E63002E2E2F72612F6177732FCB
S113C3904672656552544F532F4672656552544F29
S113C3A0532D506C75732F536F757263652F4672DE
S113C3B0656552544F532D506C75732D5443502F53
S113C3C0736F757263652F4672656552544F535F80
S113C3D05443505F5472616E736D697373696F6E09
S113C3E05F495076342E630070784E6574776F72AF
S113C3F06B4275666665722D3E7078456E64506F4B
S113C400696E742D3E70784E6574776F726B496EE9
S113C410746572666163652D3E70664F75747075E0
S113C4207420213D202828766F69642A2930290048
S113C430784653505F4574685F4E6574776F726BCE
S113C440496E74657266616365496E697469616C8D
S113C450697365002820282075696E74385F74201C
S113C4602A202920282070784C696E6B2029203ED0
S113C4703D202628207563486561705B2030205D6F
S113C48020292029202626202820282075696E743A
S113C490385F74202A202920282070784C696E6B1C
S113C4A02029203C3D202628207563486561705B67
S113C4B0202830783830303029202D2031205D205C
S113C4C0292029007578546F705072696F726974ED
S113C4D0790078446F6D61696E203D3D20282032DB
S113C4E0202900256C7521203D20002128202820AA
S113C4F070764974656D546F5175657565203D3D61
S113C500202828766F69642A2930292029202626A4
S113C510202820707851756575652D3E75784974AD
S113C520656D53697A6520213D2028205542617349
S113C53065547970655F742029203055202920299D
S113C54000756C5461736B47656E657269634E6FF9
S113C5507469667954616B65007853697A65203D26
S113C5603D2073697A656F6628205443425F7420C6
S113C57029002820707854696D65722D3E785469BD
S113C5806D6572506572696F64496E5469636B734B
S113C590203E203020290065415250476574436194
S113C5A0636865456E7472790070784E6574776F50
S113C5B0726B4275666665722D3E78446174614C97
S113C5C0656E677468203E3D2073697A656F6628DE
S113C5D02049434D505061636B65745F742029009A
S113C5E02828766F69642A29302920213D20707813
S113C5F0496E74657266616365007075634574683D
S113C60065726E657442756666657220213D2028E8
S113C61028766F69642A29302900282075784164B6
S113C620647265737320252034552029203D3D20F4
S113C630305500707844657363726970746F722D3D
S113C6403E70756345746865726E6574427566669E
S113C650657220213D202828766F69642A293029B3
S113C66000286E756C6C2900C0A80176FFFFFF00DE
S113C670C0A80101C0A801010011223344550000E3
S113C68000000000000000007EC600000000000062
S113C690000000000000020008000000000001008B
S113C6A00000000080C60000A004FE1F90C6000029
S113C6B09CC70000C010FE1FD010FE1F00003F00EA
S113C6C00000000000000100000000000000000065
S113C6D0000000000000FE1F010100000800FE1F12
S113C6E000060000000000000C0000001D0E000009
S113C6F0A8C600001000FE1FB4C60000E010FE1F14
S113C700C4C60000BCC70000000000000000000018
S113C7100000010008010000000001000901000000
S113C720000001000A010000050000000A020000E8
S113C7300000010000030000000C011701040000C8
S113C740000C011702040000000C0117080400008B
S113C750000C011709040000000C01170A04000072
S113C760000C01170B040000000C01170C0400005E
S113C770000C01170D040000000C01170E0400004A
S113C780000C01170F0400000F00000010C7000088
S113C7900000000063010204030404048513000084
S113C7A0011400000D14000059140000311500009C
S113C7B0AD150000E91500008D1600000F180000EB
S113C7C09D190000391A0000C11A0000111B000055
S113C7D0511B0000D31B0000031D0000471D000077
S113C7E07B1D00000C0000000E0400000F0600007A
S113C7F00F0701000E0800000A0A01010F0C0000D7
S113C8000F0D000100000000640000003200000071
S113C8106400000022000000640000001900000011
S113C8206400000003000000000004000400000095
S113C83000000300050000000000200006000000C6
S113C84000001800070000000000000408000000B9
S113C8509F0F804300000000020000000800000059
S113C8609F0F804301000200080010002000D4D470
S113C8700400000000000000FFFFFFFFFFFF0000B6
S113C8800000000008060001080006040001000082
S113C8900000000000000000000000000000010093
S113C8A05E0000FC33330001000301005E0000FB66
S113C8B03333000000FBFFFFFFFFFFFF0000000019
S113C8C00100000001000000010000000100000060
S113C8D00100000001000000000000000000000052
S113C8E00000000001000000000000000000000043
S113C8F00000080045000000000000008011000056
S113C9000000000000000000000000000000000023
S113C9100000000000000000000000000000000013
S113C9200000000000000000000000000000000003
S113C93000000000000000000000000000000000F3
S113C94000000000000000000000000000000000E3
S113C95000000000000000000000000000000000D3
S113C96000000000000000000000000000000000C3
S113C97000000000000000000000000000000000B3
S113C980000000002020202020202020202828280B
S113C9902828202020202020202020202020202083
S113C9A020202020881010101010101010101010CB
S113C9B010101010040404040404040404041010EB
S113C9C01010101010414141414141010101010188
S113C9D00101010101010101010101010101011034
S113C9E0101010101042424242424202020202025D
S113C9F00202020202020202020202020202021005
S113CA0010101020000000000000000000000000D2
S113CA100000000000000000000000000000000012
S113CA200000000000000000000000000000000002
S113CA3000000000000000000000000000000000F2
S113CA4000000000000000000000000000000000E2
S113CA5000000000000000000000000000000000D2
S113CA6000000000000000000000000000000000C2
S113CA7000000000000000000000000000000000B2
S113CA8000000000D4D4D4D4000000000000000052
S113CA900000000000000010000000000000000082
S113CAA0B9340332B7F4AD1410DB1AB30892540E40
S113CAB00D307D951447BA1A66088F4D26ADC66DA4
S113CAC0F598BF85E2B74511CA96853D92BD1DEB29
S113CAD0FCA11860DCEF52163C92AE220BB8C1B434
S113CAE0839D2D5B0562DA1C304C7E8F4E8BB25BCE
S113CAF016F4529F8B56A512FBD4827643ED8AF02E
S113CB008FE7F9311565191850F19BD94A13EEB422
S113CB10284CF0A686C1251F035FC270CB9E491620
S113CB20E642889C44EB2014B0650836AD6EA585BA
S113CB3085F0CA14E2FD031A0B899979D5B13D0930
S113CB40D8DA973A35EBCF10AC363F5E73BB38CFAB
S113CB503E6752FA44AFBA1501000000000000001D
S113CB6005000000000000001900000000000000A3
S113CB707D000000000000007102000000000000C1
S113CB80350C000000000000093D0000000000001A
S113CB902D31010000000000E1F505000000000057
S113CBA065CD1D0000000000F902950000000000A2
S113CBB0DD0EE90200000000514A8D0E0000000065
S113CBC09573C24800000000E941CC6B01000000ED
S113CBD08D49FD1A07000000C16FF2862300000092
S113CBE0C52EBCA2B1000000D9E9AC2D7803000029
S113CBF03D9160E45811000031D6E275BC56000046
S113CC00F52E6E4DAEB10100C9EA2683677808009F
S113CC10ED95C28F055A2A00A1EDCCCE1BC2D300DC
S113CC2025A4000A8BCA22040000000000000000B2
S113CC300000000000000000000000409559695900
S113CC405555545515555556040515411054554020
S113CC5045515544404550445055554500400040C9
S113CC604004449665555655454045545141154038
S113CC70559155555555405105010000D4D4D4D48F
S113CC80010000000000000000000000000000207F
S113CC90345065C05FC9A652BB13CBAEC440C218A2
S113CCA006C8DF7100D5A87CF56F0FDA58FC27138E
S113CCB06E4756357D24206502C7E768E48CA41DC1
S113CCC0E9E60268D7CD39617977FCC2405BEF169B
S113CCD0798CDE43FFA751F991F3B278F5BDBE110B
S113CCE0E857E9D6E8BEE87BB054AC8F848D751B59
S113CCF0EA23A499E9F9D38BB7A3714061DA3E150D
S113CD00CEE33ECB73F948088C97B427D51B70103B
S113CD10A2BFEFB9EB8532154DB44DB49BBB6F196F
S113CD2096B6076CF8E7EEAD36D9B4F59135AE1387
S113CD30222218AF4E6A684D91DAAA3D4F40741E04
S113CD409FBD9EE006A1C09857C2A7FDA40E9017F0
S113CD500E7D497173E3208FB220D87605143B12FF
S113CD60853D7434811343B0AD297A5F27F4351CB3
S113CD70544554544555050400100410140440004F
S113CD8000000140555515415404000044000100C1
S113CD9000000040410000445044455054005555A3
S113CDA05455655100400040010000010005010098
S113CDB0115451515455550500154150000004407B
S113CDC0100104050000000000000406362E342E75
S113CDD030004275696C7420776974682052656EFE
S113CDE06573617320416476616E63656420466C8B
S113CDF0657869626C6520536F667477617265202B
S113CE005061636B6167652076657273696F6E202C
S109CE10362E342E300022
S903256D6A
